geocodigoFundar,geonombreFundar,anio,inflacion
ARG,Argentina,2000,-0.73369945312316
ARG,Argentina,2001,-1.54342782205186
ARG,Argentina,2002,40.952868852459
ARG,Argentina,2003,3.65632041869595
ARG,Argentina,2004,6.10098176718095
ARG,Argentina,2005,12.3265036351619
ARG,Argentina,2006,9.83818770226537
ARG,Argentina,2007,21.5205780710022
ARG,Argentina,2008,20.5985005170631
ARG,Argentina,2009,18.4736588241599
ARG,Argentina,2010,27.0288609427305
ARG,Argentina,2011,23.2755243759125
ARG,Argentina,2012,23.006037496028
ARG,Argentina,2013,31.9438247105517
ARG,Argentina,2014,39.0082409269708
ARG,Argentina,2015,31.5689061319607
ARG,Argentina,2016,31.4284602059287
ARG,Argentina,2017,25.0392
ARG,Argentina,2018,47.1043480764433
ARG,Argentina,2019,53.8
ARG,Argentina,2020,36.1
ARG,Argentina,2021,50.9
ARG,Argentina,2022,94.8
ARG,Argentina,2023,211.4
ALB,Albania,2000,4.205
ALB,Albania,2001,3.527
ALB,Albania,2002,1.681
ALB,Albania,2003,3.298
ALB,Albania,2004,2.204
ALB,Albania,2005,2.038
ALB,Albania,2006,2.513
ALB,Albania,2007,3.027
ALB,Albania,2008,2.215
ALB,Albania,2009,3.501
ALB,Albania,2010,3.495
ALB,Albania,2011,1.743
ALB,Albania,2012,2.463
ALB,Albania,2013,1.776
ALB,Albania,2014,0.719
ALB,Albania,2015,1.937
ALB,Albania,2016,2.165
ALB,Albania,2017,1.808
ALB,Albania,2018,1.799
ALB,Albania,2019,1.15
ALB,Albania,2020,1.051
ALB,Albania,2021,3.7
ALB,Albania,2022,7.425
ALB,Albania,2023,3.95
DZA,Argelia,2000,0.3
DZA,Argelia,2001,4.2
DZA,Argelia,2002,2.1
DZA,Argelia,2003,5.563
DZA,Argelia,2004,2.19
DZA,Argelia,2005,1.226
DZA,Argelia,2006,3.839
DZA,Argelia,2007,4.803
DZA,Argelia,2008,4.863
DZA,Argelia,2009,5.753
DZA,Argelia,2010,2.725
DZA,Argelia,2011,5.16
DZA,Argelia,2012,9.035
DZA,Argelia,2013,1.148
DZA,Argelia,2014,5.253
DZA,Argelia,2015,4.362
DZA,Argelia,2016,6.957
DZA,Argelia,2017,4.933
DZA,Argelia,2018,2.702
DZA,Argelia,2019,2.434
DZA,Argelia,2020,3.516
DZA,Argelia,2021,8.485
DZA,Argelia,2022,9.295
DZA,Argelia,2023,7.838
AGO,Angola,2000,268.35
AGO,Angola,2001,116.068
AGO,Angola,2002,105.59
AGO,Angola,2003,76.56
AGO,Angola,2004,31.013
AGO,Angola,2005,18.53
AGO,Angola,2006,12.207
AGO,Angola,2007,11.776
AGO,Angola,2008,13.17
AGO,Angola,2009,13.987
AGO,Angola,2010,15.322
AGO,Angola,2011,11.376
AGO,Angola,2012,9.042
AGO,Angola,2013,7.687
AGO,Angola,2014,7.498
AGO,Angola,2015,12.091
AGO,Angola,2016,41.125
AGO,Angola,2017,23.667
AGO,Angola,2018,18.604
AGO,Angola,2019,16.893
AGO,Angola,2020,25.103
AGO,Angola,2021,27.046
AGO,Angola,2022,13.848
AGO,Angola,2023,19.997
ARM,Armenia,2000,0.418
ARM,Armenia,2001,2.828
ARM,Armenia,2002,1.98
ARM,Armenia,2003,8.546
ARM,Armenia,2004,1.877
ARM,Armenia,2005,-0.211
ARM,Armenia,2006,5.242
ARM,Armenia,2007,6.611
ARM,Armenia,2008,5.346
ARM,Armenia,2009,6.647
ARM,Armenia,2010,9.33
ARM,Armenia,2011,4.642
ARM,Armenia,2012,3.107
ARM,Armenia,2013,5.596
ARM,Armenia,2014,4.569
ARM,Armenia,2015,-0.184
ARM,Armenia,2016,-1.172
ARM,Armenia,2017,5.595
ARM,Armenia,2018,1.346
ARM,Armenia,2019,0.72
ARM,Armenia,2020,3.746
ARM,Armenia,2021,7.702
ARM,Armenia,2022,8.294
ARM,Armenia,2023,-0.455
AUS,Australia,2000,5.789
AUS,Australia,2001,3.146
AUS,Australia,2002,3.05
AUS,Australia,2003,2.445
AUS,Australia,2004,2.638
AUS,Australia,2005,2.693
AUS,Australia,2006,3.337
AUS,Australia,2007,2.999
AUS,Australia,2008,3.695
AUS,Australia,2009,2.052
AUS,Australia,2010,2.646
AUS,Australia,2011,2.99
AUS,Australia,2012,2.102
AUS,Australia,2013,2.647
AUS,Australia,2014,1.719
AUS,Australia,2015,1.69
AUS,Australia,2016,1.385
AUS,Australia,2017,2.095
AUS,Australia,2018,1.695
AUS,Australia,2019,1.842
AUS,Australia,2020,0.947
AUS,Australia,2021,3.584
AUS,Australia,2022,7.825
AUS,Australia,2023,4.049
AUT,Austria,2000,1.824
AUT,Austria,2001,1.765
AUT,Austria,2002,1.682
AUT,Austria,2003,1.336
AUT,Austria,2004,2.512
AUT,Austria,2005,1.531
AUT,Austria,2006,1.629
AUT,Austria,2007,3.467
AUT,Austria,2008,1.469
AUT,Austria,2009,1.052
AUT,Austria,2010,2.182
AUT,Austria,2011,3.395
AUT,Austria,2012,2.913
AUT,Austria,2013,1.987
AUT,Austria,2014,0.807
AUT,Austria,2015,1.071
AUT,Austria,2016,1.585
AUT,Austria,2017,2.331
AUT,Austria,2018,1.715
AUT,Austria,2019,1.827
AUT,Austria,2020,1.012
AUT,Austria,2021,3.789
AUT,Austria,2022,10.54
AUT,Austria,2023,5.653
AZE,Azerbaiyán,2000,2.202
AZE,Azerbaiyán,2001,1.78
AZE,Azerbaiyán,2002,3.155
AZE,Azerbaiyán,2003,3.529
AZE,Azerbaiyán,2004,10.455
AZE,Azerbaiyán,2005,5.36
AZE,Azerbaiyán,2006,11.44
AZE,Azerbaiyán,2007,19.56
AZE,Azerbaiyán,2008,15.355
AZE,Azerbaiyán,2009,0.699
AZE,Azerbaiyán,2010,7.918
AZE,Azerbaiyán,2011,5.624
AZE,Azerbaiyán,2012,-0.26
AZE,Azerbaiyán,2013,3.524
AZE,Azerbaiyán,2014,-0.145
AZE,Azerbaiyán,2015,7.58
AZE,Azerbaiyán,2016,15.669
AZE,Azerbaiyán,2017,7.938
AZE,Azerbaiyán,2018,1.519
AZE,Azerbaiyán,2019,2.362
AZE,Azerbaiyán,2020,2.615
AZE,Azerbaiyán,2021,11.994
AZE,Azerbaiyán,2022,14.357
AZE,Azerbaiyán,2023,2.092
BGD,Bangladesh,2000,2.288
BGD,Bangladesh,2001,2.162
BGD,Bangladesh,2002,2.446
BGD,Bangladesh,2003,4.382
BGD,Bangladesh,2004,8.819
BGD,Bangladesh,2005,7.348
BGD,Bangladesh,2006,7.54
BGD,Bangladesh,2007,9.197
BGD,Bangladesh,2008,10.032
BGD,Bangladesh,2009,2.243
BGD,Bangladesh,2010,8.702
BGD,Bangladesh,2011,10.044
BGD,Bangladesh,2012,5.546
BGD,Bangladesh,2013,8.049
BGD,Bangladesh,2014,6.966
BGD,Bangladesh,2015,6.253
BGD,Bangladesh,2016,5.531
BGD,Bangladesh,2017,5.944
BGD,Bangladesh,2018,5.542
BGD,Bangladesh,2019,5.518
BGD,Bangladesh,2020,6.021
BGD,Bangladesh,2021,5.642
BGD,Bangladesh,2022,7.563
BGD,Bangladesh,2023,9.745
BLR,Belarús,2000,107.495
BLR,Belarús,2001,46.121
BLR,Belarús,2002,34.792
BLR,Belarús,2003,25.373
BLR,Belarús,2004,14.44
BLR,Belarús,2005,7.94
BLR,Belarús,2006,6.62
BLR,Belarús,2007,12.072
BLR,Belarús,2008,13.3
BLR,Belarús,2009,10.113
BLR,Belarús,2010,9.927
BLR,Belarús,2011,108.686
BLR,Belarús,2012,21.778
BLR,Belarús,2013,16.466
BLR,Belarús,2014,16.22
BLR,Belarús,2015,11.97
BLR,Belarús,2016,10.576
BLR,Belarús,2017,4.59
BLR,Belarús,2018,5.642
BLR,Belarús,2019,4.73
BLR,Belarús,2020,7.336
BLR,Belarús,2021,9.975
BLR,Belarús,2022,12.876
BLR,Belarús,2023,5.84
BEL,Bélgica,2000,2.964
BEL,Bélgica,2001,1.925
BEL,Bélgica,2002,1.333
BEL,Bélgica,2003,1.634
BEL,Bélgica,2004,2.01
BEL,Bélgica,2005,2.759
BEL,Bélgica,2006,2.073
BEL,Bélgica,2007,3.111
BEL,Bélgica,2008,2.699
BEL,Bélgica,2009,0.333
BEL,Bélgica,2010,3.382
BEL,Bélgica,2011,3.185
BEL,Bélgica,2012,2.082
BEL,Bélgica,2013,1.167
BEL,Bélgica,2014,-0.391
BEL,Bélgica,2015,1.45
BEL,Bélgica,2016,2.204
BEL,Bélgica,2017,2.059
BEL,Bélgica,2018,2.198
BEL,Bélgica,2019,0.922
BEL,Bélgica,2020,0.351
BEL,Bélgica,2021,6.592
BEL,Bélgica,2022,10.213
BEL,Bélgica,2023,0.532
BEN,Benin,2000,8.936
BEN,Benin,2001,2.24
BEN,Benin,2002,1.782
BEN,Benin,2003,1.184
BEN,Benin,2004,2.931
BEN,Benin,2005,3.114
BEN,Benin,2006,6.374
BEN,Benin,2007,0.332
BEN,Benin,2008,7.523
BEN,Benin,2009,-0.188
BEN,Benin,2010,4.179
BEN,Benin,2011,1.994
BEN,Benin,2012,6.89
BEN,Benin,2013,-1.785
BEN,Benin,2014,-0.737
BEN,Benin,2015,2.261
BEN,Benin,2016,-2.761
BEN,Benin,2017,2.957
BEN,Benin,2018,-0.133
BEN,Benin,2019,0.274
BEN,Benin,2020,1.159
BEN,Benin,2021,4.967
BEN,Benin,2022,2.888
BEN,Benin,2023,0.362
BOL,Bolivia,2000,3.412
BOL,Bolivia,2001,0.924
BOL,Bolivia,2002,2.448
BOL,Bolivia,2003,3.939
BOL,Bolivia,2004,4.621
BOL,Bolivia,2005,4.908
BOL,Bolivia,2006,2.99
BOL,Bolivia,2007,11.726
BOL,Bolivia,2008,11.848
BOL,Bolivia,2009,0.264
BOL,Bolivia,2010,7.182
BOL,Bolivia,2011,6.904
BOL,Bolivia,2012,4.54
BOL,Bolivia,2013,6.48
BOL,Bolivia,2014,5.194
BOL,Bolivia,2015,2.953
BOL,Bolivia,2016,4.003
BOL,Bolivia,2017,2.715
BOL,Bolivia,2018,1.507
BOL,Bolivia,2019,1.469
BOL,Bolivia,2020,0.67
BOL,Bolivia,2021,0.901
BOL,Bolivia,2022,3.123
BOL,Bolivia,2023,2.118
BIH,Bosnia y Herzegovina,2000,7.0
BIH,Bosnia y Herzegovina,2001,3.0
BIH,Bosnia y Herzegovina,2002,-0.4
BIH,Bosnia y Herzegovina,2003,0.5
BIH,Bosnia y Herzegovina,2004,0.6
BIH,Bosnia y Herzegovina,2005,4.3
BIH,Bosnia y Herzegovina,2006,4.548
BIH,Bosnia y Herzegovina,2007,4.944
BIH,Bosnia y Herzegovina,2008,3.809
BIH,Bosnia y Herzegovina,2009,-0.025
BIH,Bosnia y Herzegovina,2010,3.076
BIH,Bosnia y Herzegovina,2011,3.047
BIH,Bosnia y Herzegovina,2012,1.803
BIH,Bosnia y Herzegovina,2013,-1.418
BIH,Bosnia y Herzegovina,2014,-0.435
BIH,Bosnia y Herzegovina,2015,-1.298
BIH,Bosnia y Herzegovina,2016,-0.534
BIH,Bosnia y Herzegovina,2017,1.217
BIH,Bosnia y Herzegovina,2018,1.582
BIH,Bosnia y Herzegovina,2019,0.232
BIH,Bosnia y Herzegovina,2020,-1.579
BIH,Bosnia y Herzegovina,2021,6.319
BIH,Bosnia y Herzegovina,2022,14.811
BIH,Bosnia y Herzegovina,2023,2.186
BWA,Botswana,2000,8.48
BWA,Botswana,2001,5.752
BWA,Botswana,2002,10.6
BWA,Botswana,2003,6.368
BWA,Botswana,2004,7.89
BWA,Botswana,2005,11.285
BWA,Botswana,2006,8.522
BWA,Botswana,2007,8.141
BWA,Botswana,2008,13.678
BWA,Botswana,2009,5.846
BWA,Botswana,2010,7.41
BWA,Botswana,2011,9.175
BWA,Botswana,2012,7.435
BWA,Botswana,2013,4.068
BWA,Botswana,2014,3.75
BWA,Botswana,2015,3.1
BWA,Botswana,2016,2.986
BWA,Botswana,2017,3.184
BWA,Botswana,2018,3.539
BWA,Botswana,2019,2.2
BWA,Botswana,2020,2.153
BWA,Botswana,2021,8.716
BWA,Botswana,2022,12.423
BWA,Botswana,2023,3.527
BRA,Brasil,2000,5.974
BRA,Brasil,2001,7.673
BRA,Brasil,2002,12.53
BRA,Brasil,2003,9.3
BRA,Brasil,2004,7.601
BRA,Brasil,2005,5.69
BRA,Brasil,2006,3.142
BRA,Brasil,2007,4.457
BRA,Brasil,2008,5.902
BRA,Brasil,2009,4.312
BRA,Brasil,2010,5.909
BRA,Brasil,2011,6.503
BRA,Brasil,2012,5.839
BRA,Brasil,2013,5.911
BRA,Brasil,2014,6.408
BRA,Brasil,2015,10.673
BRA,Brasil,2016,6.288
BRA,Brasil,2017,2.947
BRA,Brasil,2018,3.745
BRA,Brasil,2019,4.306
BRA,Brasil,2020,4.517
BRA,Brasil,2021,10.061
BRA,Brasil,2022,5.785
BRA,Brasil,2023,4.621
BGR,Bulgaria,2000,11.256
BGR,Bulgaria,2001,4.822
BGR,Bulgaria,2002,3.814
BGR,Bulgaria,2003,5.64
BGR,Bulgaria,2004,3.966
BGR,Bulgaria,2005,7.394
BGR,Bulgaria,2006,6.093
BGR,Bulgaria,2007,11.563
BGR,Bulgaria,2008,7.191
BGR,Bulgaria,2009,1.637
BGR,Bulgaria,2010,4.45
BGR,Bulgaria,2011,2.039
BGR,Bulgaria,2012,2.763
BGR,Bulgaria,2013,-0.851
BGR,Bulgaria,2014,-1.951
BGR,Bulgaria,2015,-0.896
BGR,Bulgaria,2016,-0.502
BGR,Bulgaria,2017,1.796
BGR,Bulgaria,2018,2.31
BGR,Bulgaria,2019,3.1
BGR,Bulgaria,2020,0.019
BGR,Bulgaria,2021,6.586
BGR,Bulgaria,2022,14.325
BGR,Bulgaria,2023,4.989
BFA,Burkina Faso,2000,2.409
BFA,Burkina Faso,2001,0.976
BFA,Burkina Faso,2002,3.935
BFA,Burkina Faso,2003,3.165
BFA,Burkina Faso,2004,0.692
BFA,Burkina Faso,2005,4.472
BFA,Burkina Faso,2006,1.528
BFA,Burkina Faso,2007,2.267
BFA,Burkina Faso,2008,11.578
BFA,Burkina Faso,2009,-1.844
BFA,Burkina Faso,2010,-0.261
BFA,Burkina Faso,2011,5.06
BFA,Burkina Faso,2012,1.674
BFA,Burkina Faso,2013,0.12
BFA,Burkina Faso,2014,-0.149
BFA,Burkina Faso,2015,2.867
BFA,Burkina Faso,2016,-0.302
BFA,Burkina Faso,2017,1.64
BFA,Burkina Faso,2018,0.336
BFA,Burkina Faso,2019,-2.556
BFA,Burkina Faso,2020,2.318
BFA,Burkina Faso,2021,8.198
BFA,Burkina Faso,2022,9.328
BFA,Burkina Faso,2023,1.055
BDI,Burundi,2000,14.093
BDI,Burundi,2001,3.685
BDI,Burundi,2002,3.28
BDI,Burundi,2003,10.854
BDI,Burundi,2004,12.067
BDI,Burundi,2005,1.075
BDI,Burundi,2006,9.001
BDI,Burundi,2007,14.694
BDI,Burundi,2008,25.674
BDI,Burundi,2009,4.629
BDI,Burundi,2010,4.082
BDI,Burundi,2011,14.855
BDI,Burundi,2012,11.841
BDI,Burundi,2013,9.017
BDI,Burundi,2014,3.745
BDI,Burundi,2015,7.132
BDI,Burundi,2016,9.497
BDI,Burundi,2017,10.499
BDI,Burundi,2018,-5.877
BDI,Burundi,2019,5.142
BDI,Burundi,2020,7.511
BDI,Burundi,2021,10.073
BDI,Burundi,2022,26.494
BDI,Burundi,2023,20.128
KHM,Camboya,2000,0.341
KHM,Camboya,2001,-0.527
KHM,Camboya,2002,1.427
KHM,Camboya,2003,-0.042
KHM,Camboya,2004,5.265
KHM,Camboya,2005,8.411
KHM,Camboya,2006,4.201
KHM,Camboya,2007,13.952
KHM,Camboya,2008,12.52
KHM,Camboya,2009,5.325
KHM,Camboya,2010,3.143
KHM,Camboya,2011,4.908
KHM,Camboya,2012,2.541
KHM,Camboya,2013,4.675
KHM,Camboya,2014,1.04
KHM,Camboya,2015,2.848
KHM,Camboya,2016,3.875
KHM,Camboya,2017,2.231
KHM,Camboya,2018,1.632
KHM,Camboya,2019,3.072
KHM,Camboya,2020,2.876
KHM,Camboya,2021,3.702
KHM,Camboya,2022,2.876
KHM,Camboya,2023,2.704
CMR,Camerún,2000,1.498
CMR,Camerún,2001,4.959
CMR,Camerún,2002,2.362
CMR,Camerún,2003,-0.055
CMR,Camerún,2004,1.008
CMR,Camerún,2005,3.465
CMR,Camerún,2006,2.42
CMR,Camerún,2007,3.441
CMR,Camerún,2008,5.313
CMR,Camerún,2009,0.943
CMR,Camerún,2010,2.569
CMR,Camerún,2011,2.732
CMR,Camerún,2012,2.534
CMR,Camerún,2013,1.646
CMR,Camerún,2014,2.621
CMR,Camerún,2015,1.446
CMR,Camerún,2016,0.292
CMR,Camerún,2017,0.762
CMR,Camerún,2018,1.974
CMR,Camerún,2019,2.427
CMR,Camerún,2020,2.119
CMR,Camerún,2021,3.457
CMR,Camerún,2022,7.315
CMR,Camerún,2023,5.98
CAN,Canadá,2000,3.128
CAN,Canadá,2001,1.069
CAN,Canadá,2002,3.82
CAN,Canadá,2003,1.708
CAN,Canadá,2004,2.293
CAN,Canadá,2005,2.305
CAN,Canadá,2006,1.389
CAN,Canadá,2007,2.496
CAN,Canadá,2008,1.841
CAN,Canadá,2009,0.787
CAN,Canadá,2010,2.228
CAN,Canadá,2011,2.661
CAN,Canadá,2012,0.993
CAN,Canadá,2013,0.956
CAN,Canadá,2014,1.974
CAN,Canadá,2015,1.273
CAN,Canadá,2016,1.414
CAN,Canadá,2017,1.833
CAN,Canadá,2018,2.054
CAN,Canadá,2019,2.062
CAN,Canadá,2020,0.779
CAN,Canadá,2021,4.734
CAN,Canadá,2022,6.642
CAN,Canadá,2023,3.179
CAF,Rep. Centroafricana,2000,8.05
CAF,Rep. Centroafricana,2001,2.559
CAF,Rep. Centroafricana,2002,9.466
CAF,Rep. Centroafricana,2003,-1.738
CAF,Rep. Centroafricana,2004,-0.235
CAF,Rep. Centroafricana,2005,1.529
CAF,Rep. Centroafricana,2006,7.059
CAF,Rep. Centroafricana,2007,-0.137
CAF,Rep. Centroafricana,2008,14.525
CAF,Rep. Centroafricana,2009,-1.159
CAF,Rep. Centroafricana,2010,2.261
CAF,Rep. Centroafricana,2011,4.342
CAF,Rep. Centroafricana,2012,5.926
CAF,Rep. Centroafricana,2013,2.566
CAF,Rep. Centroafricana,2014,14.019
CAF,Rep. Centroafricana,2015,10.661
CAF,Rep. Centroafricana,2016,-4.466
CAF,Rep. Centroafricana,2017,7.171
CAF,Rep. Centroafricana,2018,4.605
CAF,Rep. Centroafricana,2019,-2.041
CAF,Rep. Centroafricana,2020,1.837
CAF,Rep. Centroafricana,2021,2.701
CAF,Rep. Centroafricana,2022,7.584
CAF,Rep. Centroafricana,2023,4.023
TCD,Chad,2000,13.046
TCD,Chad,2001,0.702
TCD,Chad,2002,12.556
TCD,Chad,2003,-11.864
TCD,Chad,2004,9.219
TCD,Chad,2005,-8.07
TCD,Chad,2006,7.956
TCD,Chad,2007,1.658
TCD,Chad,2008,9.658
TCD,Chad,2009,4.738
TCD,Chad,2010,-2.156
TCD,Chad,2011,10.73
TCD,Chad,2012,2.064
TCD,Chad,2013,0.897
TCD,Chad,2014,3.705
TCD,Chad,2015,2.014
TCD,Chad,2016,-4.576
TCD,Chad,2017,2.919
TCD,Chad,2018,4.339
TCD,Chad,2019,-1.686
TCD,Chad,2020,5.701
TCD,Chad,2021,1.182
TCD,Chad,2022,3.293
TCD,Chad,2023,7.06
CHL,Chile,2000,4.554
CHL,Chile,2001,2.666
CHL,Chile,2002,2.866
CHL,Chile,2003,1.1
CHL,Chile,2004,2.444
CHL,Chile,2005,3.671
CHL,Chile,2006,2.607
CHL,Chile,2007,7.861
CHL,Chile,2008,7.089
CHL,Chile,2009,-1.507
CHL,Chile,2010,2.942
CHL,Chile,2011,4.389
CHL,Chile,2012,1.457
CHL,Chile,2013,3.056
CHL,Chile,2014,4.698
CHL,Chile,2015,4.427
CHL,Chile,2016,2.729
CHL,Chile,2017,2.26
CHL,Chile,2018,2.115
CHL,Chile,2019,2.95
CHL,Chile,2020,2.928
CHL,Chile,2021,7.137
CHL,Chile,2022,12.772
CHL,Chile,2023,3.929
CHN,China,2000,1.905
CHN,China,2001,-0.471
CHN,China,2002,-0.41
CHN,China,2003,3.264
CHN,China,2004,2.409
CHN,China,2005,1.678
CHN,China,2006,2.888
CHN,China,2007,6.63
CHN,China,2008,1.222
CHN,China,2009,1.632
CHN,China,2010,4.53
CHN,China,2011,4.096
CHN,China,2012,2.448
CHN,China,2013,2.553
CHN,China,2014,1.542
CHN,China,2015,1.676
CHN,China,2016,2.102
CHN,China,2017,1.679
CHN,China,2018,1.779
CHN,China,2019,4.491
CHN,China,2020,0.18
CHN,China,2021,1.42
CHN,China,2022,1.824
CHN,China,2023,-0.261
COL,Colombia,2000,8.511
COL,Colombia,2001,7.456
COL,Colombia,2002,6.832
COL,Colombia,2003,6.375
COL,Colombia,2004,5.452
COL,Colombia,2005,4.834
COL,Colombia,2006,4.459
COL,Colombia,2007,5.659
COL,Colombia,2008,7.621
COL,Colombia,2009,1.905
COL,Colombia,2010,3.084
COL,Colombia,2011,3.668
COL,Colombia,2012,2.442
COL,Colombia,2013,1.963
COL,Colombia,2014,3.7
COL,Colombia,2015,6.798
COL,Colombia,2016,5.745
COL,Colombia,2017,4.067
COL,Colombia,2018,3.149
COL,Colombia,2019,3.818
COL,Colombia,2020,1.647
COL,Colombia,2021,5.682
COL,Colombia,2022,13.187
COL,Colombia,2023,9.311
COD,Rep. Dem. Congo,2000,509.756
COD,Rep. Dem. Congo,2001,135.09
COD,Rep. Dem. Congo,2002,15.751
COD,Rep. Dem. Congo,2003,4.443
COD,Rep. Dem. Congo,2004,9.217
COD,Rep. Dem. Congo,2005,20.988
COD,Rep. Dem. Congo,2006,18.196
COD,Rep. Dem. Congo,2007,9.964
COD,Rep. Dem. Congo,2008,27.572
COD,Rep. Dem. Congo,2009,53.438
COD,Rep. Dem. Congo,2010,9.838
COD,Rep. Dem. Congo,2011,8.654
COD,Rep. Dem. Congo,2012,2.769
COD,Rep. Dem. Congo,2013,1.074
COD,Rep. Dem. Congo,2014,1.03
COD,Rep. Dem. Congo,2015,0.815
COD,Rep. Dem. Congo,2016,11.236
COD,Rep. Dem. Congo,2017,54.709
COD,Rep. Dem. Congo,2018,7.228
COD,Rep. Dem. Congo,2019,4.588
COD,Rep. Dem. Congo,2020,15.756
COD,Rep. Dem. Congo,2021,5.281
COD,Rep. Dem. Congo,2022,13.132
COD,Rep. Dem. Congo,2023,23.752
COG,Congo,2000,-3.1
COG,Congo,2001,8.335
COG,Congo,2002,-2.856
COG,Congo,2003,6.704
COG,Congo,2004,1.106
COG,Congo,2005,3.053
COG,Congo,2006,18.088
COG,Congo,2007,-3.935
COG,Congo,2008,11.813
COG,Congo,2009,-1.773
COG,Congo,2010,2.633
COG,Congo,2011,1.784
COG,Congo,2012,7.469
COG,Congo,2013,2.087
COG,Congo,2014,0.477
COG,Congo,2015,4.094
COG,Congo,2016,-0.036
COG,Congo,2017,1.785
COG,Congo,2018,0.897
COG,Congo,2019,1.383
COG,Congo,2020,0.589
COG,Congo,2021,1.493
COG,Congo,2022,3.212
COG,Congo,2023,4.5
CRI,Costa Rica,2000,10.247
CRI,Costa Rica,2001,10.956
CRI,Costa Rica,2002,9.683
CRI,Costa Rica,2003,9.868
CRI,Costa Rica,2004,13.129
CRI,Costa Rica,2005,14.075
CRI,Costa Rica,2006,9.434
CRI,Costa Rica,2007,10.806
CRI,Costa Rica,2008,13.902
CRI,Costa Rica,2009,4.047
CRI,Costa Rica,2010,5.824
CRI,Costa Rica,2011,4.736
CRI,Costa Rica,2012,4.551
CRI,Costa Rica,2013,3.68
CRI,Costa Rica,2014,5.127
CRI,Costa Rica,2015,-0.808
CRI,Costa Rica,2016,0.765
CRI,Costa Rica,2017,2.574
CRI,Costa Rica,2018,2.027
CRI,Costa Rica,2019,1.522
CRI,Costa Rica,2020,0.892
CRI,Costa Rica,2021,3.299
CRI,Costa Rica,2022,7.877
CRI,Costa Rica,2023,-1.765
CIV,Costa de Marfil,2000,3.606
CIV,Costa de Marfil,2001,4.783
CIV,Costa de Marfil,2002,4.399
CIV,Costa de Marfil,2003,-0.109
CIV,Costa de Marfil,2004,4.443
CIV,Costa de Marfil,2005,2.531
CIV,Costa de Marfil,2006,2.037
CIV,Costa de Marfil,2007,1.456
CIV,Costa de Marfil,2008,2.509
CIV,Costa de Marfil,2009,-0.123
CIV,Costa de Marfil,2010,5.101
CIV,Costa de Marfil,2011,1.967
CIV,Costa de Marfil,2012,3.409
CIV,Costa de Marfil,2013,0.415
CIV,Costa de Marfil,2014,0.925
CIV,Costa de Marfil,2015,0.963
CIV,Costa de Marfil,2016,0.68
CIV,Costa de Marfil,2017,0.753
CIV,Costa de Marfil,2018,0.602
CIV,Costa de Marfil,2019,1.566
CIV,Costa de Marfil,2020,2.312
CIV,Costa de Marfil,2021,5.579
CIV,Costa de Marfil,2022,5.08
CIV,Costa de Marfil,2023,4.005
HRV,Croacia,2000,5.425
HRV,Croacia,2001,2.396
HRV,Croacia,2002,2.85
HRV,Croacia,2003,2.155
HRV,Croacia,2004,1.952
HRV,Croacia,2005,3.984
HRV,Croacia,2006,2.113
HRV,Croacia,2007,5.41
HRV,Croacia,2008,2.836
HRV,Croacia,2009,1.842
HRV,Croacia,2010,1.732
HRV,Croacia,2011,2.134
HRV,Croacia,2012,4.4
HRV,Croacia,2013,0.455
HRV,Croacia,2014,-0.101
HRV,Croacia,2015,-0.302
HRV,Croacia,2016,0.707
HRV,Croacia,2017,1.264
HRV,Croacia,2018,0.901
HRV,Croacia,2019,1.365
HRV,Croacia,2020,-0.281
HRV,Croacia,2021,5.196
HRV,Croacia,2022,12.667
HRV,Croacia,2023,5.351
CZE,Chequia,2000,3.977
CZE,Chequia,2001,4.098
CZE,Chequia,2002,0.656
CZE,Chequia,2003,1.043
CZE,Chequia,2004,2.71
CZE,Chequia,2005,2.261
CZE,Chequia,2006,1.72
CZE,Chequia,2007,5.435
CZE,Chequia,2008,3.666
CZE,Chequia,2009,0.994
CZE,Chequia,2010,2.298
CZE,Chequia,2011,2.353
CZE,Chequia,2012,2.403
CZE,Chequia,2013,1.429
CZE,Chequia,2014,0.101
CZE,Chequia,2015,0.0
CZE,Chequia,2016,2.01
CZE,Chequia,2017,2.365
CZE,Chequia,2018,2.021
CZE,Chequia,2019,3.208
CZE,Chequia,2020,2.285
CZE,Chequia,2021,6.613
CZE,Chequia,2022,15.759
CZE,Chequia,2023,6.879
DNK,Dinamarca,2000,2.35
DNK,Dinamarca,2001,2.041
DNK,Dinamarca,2002,2.625
DNK,Dinamarca,2003,1.218
DNK,Dinamarca,2004,0.963
DNK,Dinamarca,2005,2.265
DNK,Dinamarca,2006,1.632
DNK,Dinamarca,2007,2.523
DNK,Dinamarca,2008,2.461
DNK,Dinamarca,2009,1.201
DNK,Dinamarca,2010,2.805
DNK,Dinamarca,2011,2.413
DNK,Dinamarca,2012,1.742
DNK,Dinamarca,2013,0.504
DNK,Dinamarca,2014,0.0
DNK,Dinamarca,2015,0.301
DNK,Dinamarca,2016,0.3
DNK,Dinamarca,2017,0.896
DNK,Dinamarca,2018,0.79
DNK,Dinamarca,2019,0.881
DNK,Dinamarca,2020,0.485
DNK,Dinamarca,2021,3.478
DNK,Dinamarca,2022,9.711
DNK,Dinamarca,2023,0.511
DOM,Rep. Dominicana,2000,9.019
DOM,Rep. Dominicana,2001,4.384
DOM,Rep. Dominicana,2002,10.512
DOM,Rep. Dominicana,2003,42.655
DOM,Rep. Dominicana,2004,28.74
DOM,Rep. Dominicana,2005,7.437
DOM,Rep. Dominicana,2006,5.0
DOM,Rep. Dominicana,2007,8.878
DOM,Rep. Dominicana,2008,4.517
DOM,Rep. Dominicana,2009,5.765
DOM,Rep. Dominicana,2010,6.238
DOM,Rep. Dominicana,2011,7.76
DOM,Rep. Dominicana,2012,3.907
DOM,Rep. Dominicana,2013,3.876
DOM,Rep. Dominicana,2014,1.582
DOM,Rep. Dominicana,2015,2.344
DOM,Rep. Dominicana,2016,1.695
DOM,Rep. Dominicana,2017,4.204
DOM,Rep. Dominicana,2018,1.171
DOM,Rep. Dominicana,2019,3.656
DOM,Rep. Dominicana,2020,5.554
DOM,Rep. Dominicana,2021,8.496
DOM,Rep. Dominicana,2022,7.827
DOM,Rep. Dominicana,2023,3.569
ECU,Ecuador,2000,91.005
ECU,Ecuador,2001,22.422
ECU,Ecuador,2002,9.361
ECU,Ecuador,2003,6.072
ECU,Ecuador,2004,1.949
ECU,Ecuador,2005,3.132
ECU,Ecuador,2006,2.869
ECU,Ecuador,2007,3.319
ECU,Ecuador,2008,8.832
ECU,Ecuador,2009,4.312
ECU,Ecuador,2010,3.328
ECU,Ecuador,2011,5.409
ECU,Ecuador,2012,4.164
ECU,Ecuador,2013,2.701
ECU,Ecuador,2014,3.667
ECU,Ecuador,2015,3.38
ECU,Ecuador,2016,1.12
ECU,Ecuador,2017,-0.197
ECU,Ecuador,2018,0.266
ECU,Ecuador,2019,-0.065
ECU,Ecuador,2020,-0.933
ECU,Ecuador,2021,1.941
ECU,Ecuador,2022,3.737
ECU,Ecuador,2023,1.35
EGY,Egipto,2000,2.542
EGY,Egipto,2001,2.5
EGY,Egipto,2002,2.439
EGY,Egipto,2003,4.167
EGY,Egipto,2004,12.0
EGY,Egipto,2005,4.592
EGY,Egipto,2006,7.317
EGY,Egipto,2007,8.636
EGY,Egipto,2008,20.084
EGY,Egipto,2009,9.756
EGY,Egipto,2010,10.159
EGY,Egipto,2011,11.816
EGY,Egipto,2012,7.216
EGY,Egipto,2013,9.856
EGY,Egipto,2014,8.315
EGY,Egipto,2015,11.313
EGY,Egipto,2016,13.975
EGY,Egipto,2017,29.777
EGY,Egipto,2018,14.356
EGY,Egipto,2019,9.359
EGY,Egipto,2020,5.692
EGY,Egipto,2021,4.893
EGY,Egipto,2022,13.154
EGY,Egipto,2023,35.727
SLV,El Salvador,2000,4.293
SLV,El Salvador,2001,1.418
SLV,El Salvador,2002,2.796
SLV,El Salvador,2003,2.524
SLV,El Salvador,2004,5.369
SLV,El Salvador,2005,4.26
SLV,El Salvador,2006,4.876
SLV,El Salvador,2007,4.859
SLV,El Salvador,2008,5.479
SLV,El Salvador,2009,0.08
SLV,El Salvador,2010,2.13
SLV,El Salvador,2011,5.052
SLV,El Salvador,2012,0.783
SLV,El Salvador,2013,0.786
SLV,El Salvador,2014,0.477
SLV,El Salvador,2015,1.014
SLV,El Salvador,2016,-0.931
SLV,El Salvador,2017,2.035
SLV,El Salvador,2018,0.438
SLV,El Salvador,2019,-0.009
SLV,El Salvador,2020,-0.08
SLV,El Salvador,2021,6.114
SLV,El Salvador,2022,7.316
SLV,El Salvador,2023,1.229
ETH,Etiopía,2000,-4.123
ETH,Etiopía,2001,-4.3
ETH,Etiopía,2002,14.002
ETH,Etiopía,2003,6.233
ETH,Etiopía,2004,7.852
ETH,Etiopía,2005,12.32
ETH,Etiopía,2006,18.519
ETH,Etiopía,2007,18.424
ETH,Etiopía,2008,39.245
ETH,Etiopía,2009,7.138
ETH,Etiopía,2010,14.564
ETH,Etiopía,2011,35.919
ETH,Etiopía,2012,15.0
ETH,Etiopía,2013,7.652
ETH,Etiopía,2014,7.114
ETH,Etiopía,2015,9.377
ETH,Etiopía,2016,6.152
ETH,Etiopía,2017,16.504
ETH,Etiopía,2018,10.581
ETH,Etiopía,2019,19.515
ETH,Etiopía,2020,18.169
ETH,Etiopía,2021,35.09
ETH,Etiopía,2022,33.806
ETH,Etiopía,2023,28.723
FIN,Finlandia,2000,2.869
FIN,Finlandia,2001,2.35
FIN,Finlandia,2002,1.716
FIN,Finlandia,2003,1.191
FIN,Finlandia,2004,0.147
FIN,Finlandia,2005,1.016
FIN,Finlandia,2006,1.236
FIN,Finlandia,2007,1.939
FIN,Finlandia,2008,3.381
FIN,Finlandia,2009,1.806
FIN,Finlandia,2010,2.766
FIN,Finlandia,2011,2.605
FIN,Finlandia,2012,3.449
FIN,Finlandia,2013,1.933
FIN,Finlandia,2014,0.552
FIN,Finlandia,2015,-0.249
FIN,Finlandia,2016,1.1
FIN,Finlandia,2017,0.505
FIN,Finlandia,2018,1.319
FIN,Finlandia,2019,1.137
FIN,Finlandia,2020,0.192
FIN,Finlandia,2021,3.164
FIN,Finlandia,2022,8.792
FIN,Finlandia,2023,1.324
FRA,Francia,2000,1.806
FRA,Francia,2001,1.496
FRA,Francia,2002,2.185
FRA,Francia,2003,2.407
FRA,Francia,2004,2.243
FRA,Francia,2005,1.727
FRA,Francia,2006,1.675
FRA,Francia,2007,2.787
FRA,Francia,2008,1.164
FRA,Francia,2009,0.988
FRA,Francia,2010,1.988
FRA,Francia,2011,2.634
FRA,Francia,2012,1.519
FRA,Francia,2013,0.839
FRA,Francia,2014,0.11
FRA,Francia,2015,0.29
FRA,Francia,2016,0.829
FRA,Francia,2017,1.278
FRA,Francia,2018,1.937
FRA,Francia,2019,1.67
FRA,Francia,2020,-0.227
FRA,Francia,2021,3.371
FRA,Francia,2022,6.991
FRA,Francia,2023,4.185
GAB,Gabón,2000,1.795
GAB,Gabón,2001,0.935
GAB,Gabón,2002,0.421
GAB,Gabón,2003,3.521
GAB,Gabón,2004,-0.486
GAB,Gabón,2005,1.115
GAB,Gabón,2006,-0.673
GAB,Gabón,2007,-0.195
GAB,Gabón,2008,5.576
GAB,Gabón,2009,0.866
GAB,Gabón,2010,0.687
GAB,Gabón,2011,2.302
GAB,Gabón,2012,2.167
GAB,Gabón,2013,3.263
GAB,Gabón,2014,1.738
GAB,Gabón,2015,-1.151
GAB,Gabón,2016,4.071
GAB,Gabón,2017,1.057
GAB,Gabón,2018,6.253
GAB,Gabón,2019,1.021
GAB,Gabón,2020,1.553
GAB,Gabón,2021,1.675
GAB,Gabón,2022,5.383
GAB,Gabón,2023,2.254
GMB,Gambia,2000,0.203
GMB,Gambia,2001,8.069
GMB,Gambia,2002,13.005
GMB,Gambia,2003,17.564
GMB,Gambia,2004,8.09
GMB,Gambia,2005,4.846
GMB,Gambia,2006,0.423
GMB,Gambia,2007,6.02
GMB,Gambia,2008,6.835
GMB,Gambia,2009,2.718
GMB,Gambia,2010,5.789
GMB,Gambia,2011,4.382
GMB,Gambia,2012,4.908
GMB,Gambia,2013,5.575
GMB,Gambia,2014,6.95
GMB,Gambia,2015,6.667
GMB,Gambia,2016,7.875
GMB,Gambia,2017,6.945
GMB,Gambia,2018,6.411
GMB,Gambia,2019,7.675
GMB,Gambia,2020,5.665
GMB,Gambia,2021,7.607
GMB,Gambia,2022,13.739
GMB,Gambia,2023,17.3
GEO,Georgia,2000,4.474
GEO,Georgia,2001,3.404
GEO,Georgia,2002,5.416
GEO,Georgia,2003,6.958
GEO,Georgia,2004,7.483
GEO,Georgia,2005,6.179
GEO,Georgia,2006,8.778
GEO,Georgia,2007,10.975
GEO,Georgia,2008,5.548
GEO,Georgia,2009,2.986
GEO,Georgia,2010,11.241
GEO,Georgia,2011,2.041
GEO,Georgia,2012,-1.373
GEO,Georgia,2013,2.372
GEO,Georgia,2014,1.952
GEO,Georgia,2015,4.879
GEO,Georgia,2016,1.832
GEO,Georgia,2017,6.716
GEO,Georgia,2018,1.515
GEO,Georgia,2019,6.997
GEO,Georgia,2020,2.405
GEO,Georgia,2021,13.94
GEO,Georgia,2022,9.847
GEO,Georgia,2023,0.437
DEU,Alemania,2000,2.041
DEU,Alemania,2001,1.375
DEU,Alemania,2002,0.986
DEU,Alemania,2003,1.099
DEU,Alemania,2004,2.174
DEU,Alemania,2005,2.128
DEU,Alemania,2006,1.389
DEU,Alemania,2007,3.082
DEU,Alemania,2008,0.997
DEU,Alemania,2009,0.877
DEU,Alemania,2010,1.848
DEU,Alemania,2011,2.348
DEU,Alemania,2012,2.086
DEU,Alemania,2013,1.328
DEU,Alemania,2014,0.202
DEU,Alemania,2015,0.201
DEU,Alemania,2016,1.707
DEU,Alemania,2017,1.579
DEU,Alemania,2018,1.846
DEU,Alemania,2019,1.336
DEU,Alemania,2020,-0.534
DEU,Alemania,2021,5.428
DEU,Alemania,2022,10.805
DEU,Alemania,2023,2.971
GHA,Ghana,2000,40.54
GHA,Ghana,2001,21.288
GHA,Ghana,2002,15.171
GHA,Ghana,2003,23.563
GHA,Ghana,2004,11.777
GHA,Ghana,2005,14.838
GHA,Ghana,2006,10.923
GHA,Ghana,2007,12.748
GHA,Ghana,2008,18.133
GHA,Ghana,2009,9.459
GHA,Ghana,2010,6.868
GHA,Ghana,2011,8.372
GHA,Ghana,2012,8.124
GHA,Ghana,2013,13.495
GHA,Ghana,2014,16.987
GHA,Ghana,2015,17.692
GHA,Ghana,2016,15.362
GHA,Ghana,2017,11.821
GHA,Ghana,2018,9.425
GHA,Ghana,2019,7.759
GHA,Ghana,2020,10.473
GHA,Ghana,2021,12.621
GHA,Ghana,2022,52.054
GHA,Ghana,2023,23.158
GRC,Grecia,2000,3.669
GRC,Grecia,2001,3.525
GRC,Grecia,2002,3.498
GRC,Grecia,2003,3.098
GRC,Grecia,2004,3.129
GRC,Grecia,2005,3.504
GRC,Grecia,2006,3.199
GRC,Grecia,2007,3.855
GRC,Grecia,2008,2.193
GRC,Grecia,2009,2.549
GRC,Grecia,2010,5.158
GRC,Grecia,2011,2.177
GRC,Grecia,2012,0.318
GRC,Grecia,2013,-1.816
GRC,Grecia,2014,-2.535
GRC,Grecia,2015,0.392
GRC,Grecia,2016,0.29
GRC,Grecia,2017,0.967
GRC,Grecia,2018,0.632
GRC,Grecia,2019,1.05
GRC,Grecia,2020,-2.39
GRC,Grecia,2021,4.359
GRC,Grecia,2022,7.571
GRC,Grecia,2023,3.688
GTM,Guatemala,2000,5.072
GTM,Guatemala,2001,8.917
GTM,Guatemala,2002,6.31
GTM,Guatemala,2003,5.877
GTM,Guatemala,2004,9.215
GTM,Guatemala,2005,8.563
GTM,Guatemala,2006,5.789
GTM,Guatemala,2007,8.764
GTM,Guatemala,2008,9.401
GTM,Guatemala,2009,-0.293
GTM,Guatemala,2010,5.402
GTM,Guatemala,2011,6.206
GTM,Guatemala,2012,3.431
GTM,Guatemala,2013,4.396
GTM,Guatemala,2014,2.949
GTM,Guatemala,2015,3.057
GTM,Guatemala,2016,4.241
GTM,Guatemala,2017,5.677
GTM,Guatemala,2018,2.315
GTM,Guatemala,2019,3.407
GTM,Guatemala,2020,4.819
GTM,Guatemala,2021,3.061
GTM,Guatemala,2022,9.241
GTM,Guatemala,2023,4.178
GIN,Guinea,2000,7.207
GIN,Guinea,2001,1.13
GIN,Guinea,2002,6.118
GIN,Guinea,2003,12.094
GIN,Guinea,2004,27.644
GIN,Guinea,2005,29.663
GIN,Guinea,2006,39.132
GIN,Guinea,2007,12.822
GIN,Guinea,2008,13.504
GIN,Guinea,2009,7.899
GIN,Guinea,2010,20.803
GIN,Guinea,2011,19.026
GIN,Guinea,2012,12.833
GIN,Guinea,2013,10.548
GIN,Guinea,2014,8.968
GIN,Guinea,2015,7.324
GIN,Guinea,2016,8.701
GIN,Guinea,2017,9.546
GIN,Guinea,2018,9.942
GIN,Guinea,2019,9.122
GIN,Guinea,2020,10.579
GIN,Guinea,2021,12.535
GIN,Guinea,2022,8.613
GIN,Guinea,2023,9.265
HTI,Haití,2000,9.915
HTI,Haití,2001,12.761
HTI,Haití,2002,8.25
HTI,Haití,2003,33.432
HTI,Haití,2004,17.252
HTI,Haití,2005,14.783
HTI,Haití,2006,9.554
HTI,Haití,2007,5.669
HTI,Haití,2008,19.097
HTI,Haití,2009,-2.678
HTI,Haití,2010,4.253
HTI,Haití,2011,7.461
HTI,Haití,2012,4.726
HTI,Haití,2013,4.306
HTI,Haití,2014,3.985
HTI,Haití,2015,8.439
HTI,Haití,2016,10.668
HTI,Haití,2017,10.834
HTI,Haití,2018,13.255
HTI,Haití,2019,19.675
HTI,Haití,2020,25.176
HTI,Haití,2021,13.062
HTI,Haití,2022,38.656
HTI,Haití,2023,31.839
HND,Honduras,2000,10.1
HND,Honduras,2001,8.81
HND,Honduras,2002,8.097
HND,Honduras,2003,6.795
HND,Honduras,2004,9.183
HND,Honduras,2005,7.748
HND,Honduras,2006,5.286
HND,Honduras,2007,8.873
HND,Honduras,2008,10.831
HND,Honduras,2009,2.951
HND,Honduras,2010,6.485
HND,Honduras,2011,5.605
HND,Honduras,2012,5.391
HND,Honduras,2013,4.917
HND,Honduras,2014,5.82
HND,Honduras,2015,2.357
HND,Honduras,2016,3.315
HND,Honduras,2017,4.728
HND,Honduras,2018,4.224
HND,Honduras,2019,4.084
HND,Honduras,2020,4.013
HND,Honduras,2021,5.316
HND,Honduras,2022,9.796
HND,Honduras,2023,5.19
HKG,Hong Kong,2000,-2.083
HKG,Hong Kong,2001,-3.546
HKG,Hong Kong,2002,-1.618
HKG,Hong Kong,2003,-1.794
HKG,Hong Kong,2004,0.304
HKG,Hong Kong,2005,1.366
HKG,Hong Kong,2006,2.246
HKG,Hong Kong,2007,3.807
HKG,Hong Kong,2008,2.116
HKG,Hong Kong,2009,1.519
HKG,Hong Kong,2010,2.993
HKG,Hong Kong,2011,5.68
HKG,Hong Kong,2012,3.625
HKG,Hong Kong,2013,4.343
HKG,Hong Kong,2014,4.855
HKG,Hong Kong,2015,2.315
HKG,Hong Kong,2016,1.185
HKG,Hong Kong,2017,1.704
HKG,Hong Kong,2018,2.513
HKG,Hong Kong,2019,2.86
HKG,Hong Kong,2020,-0.894
HKG,Hong Kong,2021,2.405
HKG,Hong Kong,2022,1.957
HKG,Hong Kong,2023,2.372
HUN,Hungría,2000,10.081
HUN,Hungría,2001,6.818
HUN,Hungría,2002,4.817
HUN,Hungría,2003,5.731
HUN,Hungría,2004,5.451
HUN,Hungría,2005,3.332
HUN,Hungría,2006,6.523
HUN,Hungría,2007,7.38
HUN,Hungría,2008,3.5
HUN,Hungría,2009,5.558
HUN,Hungría,2010,4.674
HUN,Hungría,2011,4.073
HUN,Hungría,2012,4.978
HUN,Hungría,2013,0.413
HUN,Hungría,2014,-0.931
HUN,Hungría,2015,0.873
HUN,Hungría,2016,1.767
HUN,Hungría,2017,2.139
HUN,Hungría,2018,2.738
HUN,Hungría,2019,3.995
HUN,Hungría,2020,2.74
HUN,Hungría,2021,7.363
HUN,Hungría,2022,24.549
HUN,Hungría,2023,5.5
IND,India,2000,2.932
IND,India,2001,5.611
IND,India,2002,4.775
IND,India,2003,3.851
IND,India,2004,4.388
IND,India,2005,4.085
IND,India,2006,6.769
IND,India,2007,6.446
IND,India,2008,9.059
IND,India,2009,12.575
IND,India,2010,8.561
IND,India,2011,7.773
IND,India,2012,10.488
IND,India,2013,7.663
IND,India,2014,5.272
IND,India,2015,5.259
IND,India,2016,3.569
IND,India,2017,4.594
IND,India,2018,2.465
IND,India,2019,6.668
IND,India,2020,4.867
IND,India,2021,6.344
IND,India,2022,6.206
IND,India,2023,5.071
IDN,Indonesia,2000,9.33
IDN,Indonesia,2001,12.579
IDN,Indonesia,2002,9.938
IDN,Indonesia,2003,5.186
IDN,Indonesia,2004,6.385
IDN,Indonesia,2005,17.144
IDN,Indonesia,2006,6.593
IDN,Indonesia,2007,5.78
IDN,Indonesia,2008,11.062
IDN,Indonesia,2009,2.779
IDN,Indonesia,2010,6.953
IDN,Indonesia,2011,3.785
IDN,Indonesia,2012,3.647
IDN,Indonesia,2013,8.088
IDN,Indonesia,2014,8.36
IDN,Indonesia,2015,3.353
IDN,Indonesia,2016,3.027
IDN,Indonesia,2017,3.605
IDN,Indonesia,2018,3.163
IDN,Indonesia,2019,2.585
IDN,Indonesia,2020,1.676
IDN,Indonesia,2021,1.879
IDN,Indonesia,2022,5.411
IDN,Indonesia,2023,2.806
IRN,Irán,2000,11.111
IRN,Irán,2001,11.111
IRN,Irán,2002,18.0
IRN,Irán,2003,13.559
IRN,Irán,2004,15.672
IRN,Irán,2005,7.742
IRN,Irán,2006,16.168
IRN,Irán,2007,22.165
IRN,Irán,2008,17.722
IRN,Irán,2009,10.394
IRN,Irán,2010,19.805
IRN,Irán,2011,20.596
IRN,Irán,2012,41.348
IRN,Irán,2013,19.555
IRN,Irán,2014,16.223
IRN,Irán,2015,8.352
IRN,Irán,2016,11.827
IRN,Irán,2017,8.31
IRN,Irán,2018,48.844
IRN,Irán,2019,21.992
IRN,Irán,2020,48.698
IRN,Irán,2021,34.269
IRN,Irán,2022,54.014
IRN,Irán,2023,40.0
IRQ,Iraq,2000,4.993
IRQ,Iraq,2001,16.351
IRQ,Iraq,2002,19.334
IRQ,Iraq,2003,35.76
IRQ,Iraq,2004,31.677
IRQ,Iraq,2005,31.616
IRQ,Iraq,2006,64.826
IRQ,Iraq,2007,4.671
IRQ,Iraq,2008,6.752
IRQ,Iraq,2009,-4.413
IRQ,Iraq,2010,3.312
IRQ,Iraq,2011,6.02
IRQ,Iraq,2012,3.614
IRQ,Iraq,2013,3.132
IRQ,Iraq,2014,1.587
IRQ,Iraq,2015,2.31
IRQ,Iraq,2016,-0.67
IRQ,Iraq,2017,0.771
IRQ,Iraq,2018,-0.096
IRQ,Iraq,2019,0.096
IRQ,Iraq,2020,3.155
IRQ,Iraq,2021,5.283
IRQ,Iraq,2022,4.313
IRQ,Iraq,2023,3.966
IRL,Irlanda,2000,4.806
IRL,Irlanda,2001,4.331
IRL,Irlanda,2002,4.518
IRL,Irlanda,2003,3.037
IRL,Irlanda,2004,2.381
IRL,Irlanda,2005,1.993
IRL,Irlanda,2006,3.04
IRL,Irlanda,2007,3.267
IRL,Irlanda,2008,1.327
IRL,Irlanda,2009,-2.518
IRL,Irlanda,2010,-0.207
IRL,Irlanda,2011,1.449
IRL,Irlanda,2012,1.735
IRL,Irlanda,2013,0.301
IRL,Irlanda,2014,-0.3
IRL,Irlanda,2015,0.301
IRL,Irlanda,2016,-0.2
IRL,Irlanda,2017,0.501
IRL,Irlanda,2018,0.798
IRL,Irlanda,2019,0.989
IRL,Irlanda,2020,-0.979
IRL,Irlanda,2021,5.638
IRL,Irlanda,2022,8.24
IRL,Irlanda,2023,3.201
ISR,Israel,2000,0.0
ISR,Israel,2001,1.409
ISR,Israel,2002,6.496
ISR,Israel,2003,-1.886
ISR,Israel,2004,1.207
ISR,Israel,2005,2.386
ISR,Israel,2006,-0.097
ISR,Israel,2007,3.397
ISR,Israel,2008,3.805
ISR,Israel,2009,3.915
ISR,Israel,2010,2.662
ISR,Israel,2011,2.17
ISR,Israel,2012,1.635
ISR,Israel,2013,1.816
ISR,Israel,2014,-0.196
ISR,Israel,2015,-0.997
ISR,Israel,2016,-0.202
ISR,Israel,2017,0.4
ISR,Israel,2018,0.797
ISR,Israel,2019,0.601
ISR,Israel,2020,-0.694
ISR,Israel,2021,2.805
ISR,Israel,2022,5.263
ISR,Israel,2023,2.958
ITA,Italia,2000,2.736
ITA,Italia,2001,2.264
ITA,Italia,2002,2.995
ITA,Italia,2003,2.528
ITA,Italia,2004,2.343
ITA,Italia,2005,2.048
ITA,Italia,2006,2.125
ITA,Italia,2007,2.775
ITA,Italia,2008,2.362
ITA,Italia,2009,1.099
ITA,Italia,2010,2.065
ITA,Italia,2011,3.727
ITA,Italia,2012,2.567
ITA,Italia,2013,0.601
ITA,Italia,2014,0.0
ITA,Italia,2015,0.1
ITA,Italia,2016,0.497
ITA,Italia,2017,0.989
ITA,Italia,2018,1.175
ITA,Italia,2019,0.484
ITA,Italia,2020,-0.289
ITA,Italia,2021,4.155
ITA,Italia,2022,12.338
ITA,Italia,2023,0.495
JAM,Jamaica,2000,5.956
JAM,Jamaica,2001,8.546
JAM,Jamaica,2002,7.225
JAM,Jamaica,2003,13.836
JAM,Jamaica,2004,13.709
JAM,Jamaica,2005,12.561
JAM,Jamaica,2006,5.655
JAM,Jamaica,2007,16.819
JAM,Jamaica,2008,16.844
JAM,Jamaica,2009,10.215
JAM,Jamaica,2010,11.744
JAM,Jamaica,2011,6.008
JAM,Jamaica,2012,8.002
JAM,Jamaica,2013,9.473
JAM,Jamaica,2014,6.357
JAM,Jamaica,2015,3.661
JAM,Jamaica,2016,1.725
JAM,Jamaica,2017,5.235
JAM,Jamaica,2018,2.44
JAM,Jamaica,2019,6.219
JAM,Jamaica,2020,5.18
JAM,Jamaica,2021,7.321
JAM,Jamaica,2022,9.361
JAM,Jamaica,2023,6.9
JPN,Japón,2000,-0.766
JPN,Japón,2001,-0.91
JPN,Japón,2002,-0.536
JPN,Japón,2003,-0.308
JPN,Japón,2004,0.527
JPN,Japón,2005,-0.76
JPN,Japón,2006,0.368
JPN,Japón,2007,0.512
JPN,Japón,2008,1.073
JPN,Japón,2009,-2.0
JPN,Japón,2010,-0.255
JPN,Japón,2011,-0.302
JPN,Japón,2012,-0.245
JPN,Japón,2013,1.397
JPN,Japón,2014,2.551
JPN,Japón,2015,0.197
JPN,Japón,2016,0.267
JPN,Japón,2017,0.549
JPN,Japón,2018,0.868
JPN,Japón,2019,0.51
JPN,Japón,2020,-0.916
JPN,Japón,2021,0.513
JPN,Japón,2022,3.871
JPN,Japón,2023,2.921
JOR,Jordania,2000,-1.857
JOR,Jordania,2001,3.771
JOR,Jordania,2002,0.507
JOR,Jordania,2003,2.856
JOR,Jordania,2004,3.897
JOR,Jordania,2005,4.171
JOR,Jordania,2006,7.457
JOR,Jordania,2007,4.604
JOR,Jordania,2008,7.379
JOR,Jordania,2009,2.997
JOR,Jordania,2010,5.579
JOR,Jordania,2011,3.034
JOR,Jordania,2012,6.264
JOR,Jordania,2013,3.042
JOR,Jordania,2014,1.646
JOR,Jordania,2015,-1.737
JOR,Jordania,2016,1.219
JOR,Jordania,2017,3.471
JOR,Jordania,2018,3.778
JOR,Jordania,2019,0.68
JOR,Jordania,2020,-0.322
JOR,Jordania,2021,2.345
JOR,Jordania,2022,4.395
JOR,Jordania,2023,2.009
KAZ,Kazajstán,2000,9.8
KAZ,Kazajstán,2001,6.4
KAZ,Kazajstán,2002,6.6
KAZ,Kazajstán,2003,6.8
KAZ,Kazajstán,2004,6.7
KAZ,Kazajstán,2005,7.6
KAZ,Kazajstán,2006,8.4
KAZ,Kazajstán,2007,18.8
KAZ,Kazajstán,2008,9.5
KAZ,Kazajstán,2009,6.2
KAZ,Kazajstán,2010,7.8
KAZ,Kazajstán,2011,7.4
KAZ,Kazajstán,2012,6.0
KAZ,Kazajstán,2013,4.8
KAZ,Kazajstán,2014,7.4
KAZ,Kazajstán,2015,13.6
KAZ,Kazajstán,2016,8.5
KAZ,Kazajstán,2017,7.1
KAZ,Kazajstán,2018,5.3
KAZ,Kazajstán,2019,5.4
KAZ,Kazajstán,2020,7.5
KAZ,Kazajstán,2021,8.4
KAZ,Kazajstán,2022,20.3
KAZ,Kazajstán,2023,9.8
KEN,Kenia,2000,11.78
KEN,Kenia,2001,1.602
KEN,Kenia,2002,4.247
KEN,Kenia,2003,8.35
KEN,Kenia,2004,17.083
KEN,Kenia,2005,4.912
KEN,Kenia,2006,7.316
KEN,Kenia,2007,5.6
KEN,Kenia,2008,15.478
KEN,Kenia,2009,8.016
KEN,Kenia,2010,4.509
KEN,Kenia,2011,18.934
KEN,Kenia,2012,3.2
KEN,Kenia,2013,7.149
KEN,Kenia,2014,6.019
KEN,Kenia,2015,8.007
KEN,Kenia,2016,6.35
KEN,Kenia,2017,4.496
KEN,Kenia,2018,5.711
KEN,Kenia,2019,7.157
KEN,Kenia,2020,5.617
KEN,Kenia,2021,5.725
KEN,Kenia,2022,9.064
KEN,Kenia,2023,6.636
KOR,Corea del Sur,2000,2.779
KOR,Corea del Sur,2001,3.164
KOR,Corea del Sur,2002,3.733
KOR,Corea del Sur,2003,3.42
KOR,Corea del Sur,2004,3.035
KOR,Corea del Sur,2005,2.618
KOR,Corea del Sur,2006,2.09
KOR,Corea del Sur,2007,3.606
KOR,Corea del Sur,2008,4.139
KOR,Corea del Sur,2009,2.801
KOR,Corea del Sur,2010,3.034
KOR,Corea del Sur,2011,4.158
KOR,Corea del Sur,2012,1.426
KOR,Corea del Sur,2013,1.143
KOR,Corea del Sur,2014,0.833
KOR,Corea del Sur,2015,1.132
KOR,Corea del Sur,2016,1.338
KOR,Corea del Sur,2017,1.407
KOR,Corea del Sur,2018,1.32
KOR,Corea del Sur,2019,0.738
KOR,Corea del Sur,2020,0.613
KOR,Corea del Sur,2021,3.698
KOR,Corea del Sur,2022,5.017
KOR,Corea del Sur,2023,3.158
KGZ,Kirguistán,2000,10.48
KGZ,Kirguistán,2001,3.685
KGZ,Kirguistán,2002,2.285
KGZ,Kirguistán,2003,5.565
KGZ,Kirguistán,2004,2.764
KGZ,Kirguistán,2005,4.921
KGZ,Kirguistán,2006,5.098
KGZ,Kirguistán,2007,20.094
KGZ,Kirguistán,2008,20.028
KGZ,Kirguistán,2009,-0.04
KGZ,Kirguistán,2010,19.226
KGZ,Kirguistán,2011,5.708
KGZ,Kirguistán,2012,7.495
KGZ,Kirguistán,2013,3.97
KGZ,Kirguistán,2014,10.475
KGZ,Kirguistán,2015,3.352
KGZ,Kirguistán,2016,-0.503
KGZ,Kirguistán,2017,3.656
KGZ,Kirguistán,2018,0.486
KGZ,Kirguistán,2019,3.056
KGZ,Kirguistán,2020,9.722
KGZ,Kirguistán,2021,11.195
KGZ,Kirguistán,2022,14.669
KGZ,Kirguistán,2023,7.275
LAO,Laos,2000,10.56
LAO,Laos,2001,7.523
LAO,Laos,2002,15.189
LAO,Laos,2003,12.624
LAO,Laos,2004,8.663
LAO,Laos,2005,8.78
LAO,Laos,2006,4.546
LAO,Laos,2007,5.745
LAO,Laos,2008,3.174
LAO,Laos,2009,3.926
LAO,Laos,2010,5.758
LAO,Laos,2011,7.696
LAO,Laos,2012,4.733
LAO,Laos,2013,6.65
LAO,Laos,2014,2.399
LAO,Laos,2015,0.897
LAO,Laos,2016,2.487
LAO,Laos,2017,0.148
LAO,Laos,2018,1.485
LAO,Laos,2019,6.284
LAO,Laos,2020,3.226
LAO,Laos,2021,5.268
LAO,Laos,2022,39.266
LAO,Laos,2023,24.369
LBR,Liberia,2000,3.204
LBR,Liberia,2001,19.313
LBR,Liberia,2002,11.095
LBR,Liberia,2003,5.037
LBR,Liberia,2004,7.524
LBR,Liberia,2005,7.0
LBR,Liberia,2006,11.911
LBR,Liberia,2007,11.659
LBR,Liberia,2008,9.388
LBR,Liberia,2009,9.708
LBR,Liberia,2010,6.618
LBR,Liberia,2011,11.449
LBR,Liberia,2012,7.709
LBR,Liberia,2013,8.494
LBR,Liberia,2014,7.661
LBR,Liberia,2015,8.039
LBR,Liberia,2016,12.518
LBR,Liberia,2017,13.894
LBR,Liberia,2018,28.525
LBR,Liberia,2019,20.251
LBR,Liberia,2020,13.122
LBR,Liberia,2021,5.459
LBR,Liberia,2022,9.185
LBR,Liberia,2023,10.015
LBY,Libia,2000,-6.609
LBY,Libia,2001,-10.28
LBY,Libia,2002,-7.268
LBY,Libia,2003,-1.259
LBY,Libia,2004,-3.5
LBY,Libia,2005,9.812
LBY,Libia,2006,2.741
LBY,Libia,2007,7.332
LBY,Libia,2008,9.846
LBY,Libia,2009,0.328
LBY,Libia,2010,3.325
LBY,Libia,2011,26.646
LBY,Libia,2012,-3.674
LBY,Libia,2013,1.704
LBY,Libia,2014,7.138
LBY,Libia,2015,16.9
LBY,Libia,2016,23.983
LBY,Libia,2017,27.979
LBY,Libia,2018,-1.191
LBY,Libia,2019,0.214
LBY,Libia,2020,2.817
LBY,Libia,2021,3.702
LBY,Libia,2022,4.106
LBY,Libia,2023,2.564
LTU,Lituania,2000,1.665
LTU,Lituania,2001,2.03
LTU,Lituania,2002,-0.895
LTU,Lituania,2003,-1.305
LTU,Lituania,2004,2.847
LTU,Lituania,2005,2.994
LTU,Lituania,2006,4.553
LTU,Lituania,2007,8.198
LTU,Lituania,2008,8.462
LTU,Lituania,2009,1.174
LTU,Lituania,2010,3.624
LTU,Lituania,2011,3.475
LTU,Lituania,2012,2.916
LTU,Lituania,2013,0.53
LTU,Lituania,2014,-0.189
LTU,Lituania,2015,-0.249
LTU,Lituania,2016,1.96
LTU,Lituania,2017,3.806
LTU,Lituania,2018,1.758
LTU,Lituania,2019,2.73
LTU,Lituania,2020,-0.072
LTU,Lituania,2021,10.702
LTU,Lituania,2022,19.98
LTU,Lituania,2023,0.633
MDG,Madagascar,2000,9.864
MDG,Madagascar,2001,5.683
MDG,Madagascar,2002,13.521
MDG,Madagascar,2003,-0.79
MDG,Madagascar,2004,27.327
MDG,Madagascar,2005,11.44
MDG,Madagascar,2006,10.829
MDG,Madagascar,2007,8.214
MDG,Madagascar,2008,10.141
MDG,Madagascar,2009,7.994
MDG,Madagascar,2010,10.195
MDG,Madagascar,2011,6.903
MDG,Madagascar,2012,5.778
MDG,Madagascar,2013,6.258
MDG,Madagascar,2014,6.026
MDG,Madagascar,2015,7.563
MDG,Madagascar,2016,5.952
MDG,Madagascar,2017,10.598
MDG,Madagascar,2018,6.943
MDG,Madagascar,2019,3.975
MDG,Madagascar,2020,4.569
MDG,Madagascar,2021,6.158
MDG,Madagascar,2022,10.823
MDG,Madagascar,2023,7.451
MWI,Malawi,2000,35.445
MWI,Malawi,2001,22.121
MWI,Malawi,2002,11.48
MWI,Malawi,2003,9.824
MWI,Malawi,2004,13.695
MWI,Malawi,2005,16.561
MWI,Malawi,2006,10.138
MWI,Malawi,2007,7.523
MWI,Malawi,2008,9.945
MWI,Malawi,2009,7.58
MWI,Malawi,2010,6.27
MWI,Malawi,2011,9.798
MWI,Malawi,2012,34.577
MWI,Malawi,2013,23.5
MWI,Malawi,2014,24.152
MWI,Malawi,2015,24.855
MWI,Malawi,2016,19.969
MWI,Malawi,2017,7.061
MWI,Malawi,2018,9.892
MWI,Malawi,2019,11.527
MWI,Malawi,2020,7.645
MWI,Malawi,2021,11.529
MWI,Malawi,2022,25.43
MWI,Malawi,2023,40.014
MYS,Malasia,2000,1.204
MYS,Malasia,2001,1.189
MYS,Malasia,2002,1.603
MYS,Malasia,2003,1.157
MYS,Malasia,2004,2.183
MYS,Malasia,2005,3.211
MYS,Malasia,2006,3.146
MYS,Malasia,2007,2.288
MYS,Malasia,2008,4.473
MYS,Malasia,2009,1.019
MYS,Malasia,2010,2.119
MYS,Malasia,2011,2.964
MYS,Malasia,2012,1.248
MYS,Malasia,2013,3.223
MYS,Malasia,2014,2.663
MYS,Malasia,2015,2.683
MYS,Malasia,2016,1.742
MYS,Malasia,2017,3.51
MYS,Malasia,2018,0.165
MYS,Malasia,2019,0.991
MYS,Malasia,2020,-1.39
MYS,Malasia,2021,3.234
MYS,Malasia,2022,3.775
MYS,Malasia,2023,2.489
MLI,Malí,2000,2.586
MLI,Malí,2001,5.182
MLI,Malí,2002,4.128
MLI,Malí,2003,-4.987
MLI,Malí,2004,1.48
MLI,Malí,2005,3.316
MLI,Malí,2006,3.594
MLI,Malí,2007,2.354
MLI,Malí,2008,8.051
MLI,Malí,2009,1.479
MLI,Malí,2010,1.833
MLI,Malí,2011,5.259
MLI,Malí,2012,2.4
MLI,Malí,2013,0.0
MLI,Malí,2014,1.147
MLI,Malí,2015,0.965
MLI,Malí,2016,-0.758
MLI,Malí,2017,1.747
MLI,Malí,2018,0.78
MLI,Malí,2019,-3.32
MLI,Malí,2020,0.721
MLI,Malí,2021,8.847
MLI,Malí,2022,7.763
MLI,Malí,2023,-0.58
MRT,Mauritania,2000,5.578
MRT,Mauritania,2001,1.732
MRT,Mauritania,2002,8.402
MRT,Mauritania,2003,2.398
MRT,Mauritania,2004,16.144
MRT,Mauritania,2005,5.805
MRT,Mauritania,2006,8.887
MRT,Mauritania,2007,7.41
MRT,Mauritania,2008,3.906
MRT,Mauritania,2009,4.915
MRT,Mauritania,2010,6.143
MRT,Mauritania,2011,5.472
MRT,Mauritania,2012,3.405
MRT,Mauritania,2013,4.486
MRT,Mauritania,2014,5.001
MRT,Mauritania,2015,-2.83
MRT,Mauritania,2016,2.77
MRT,Mauritania,2017,1.236
MRT,Mauritania,2018,3.154
MRT,Mauritania,2019,2.702
MRT,Mauritania,2020,1.826
MRT,Mauritania,2021,5.707
MRT,Mauritania,2022,11.014
MRT,Mauritania,2023,1.569
MEX,México,2000,8.959
MEX,México,2001,4.403
MEX,México,2002,5.7
MEX,México,2003,3.977
MEX,México,2004,5.191
MEX,México,2005,3.333
MEX,México,2006,4.053
MEX,México,2007,3.759
MEX,México,2008,6.528
MEX,México,2009,3.574
MEX,México,2010,4.402
MEX,México,2011,3.819
MEX,México,2012,3.568
MEX,México,2013,3.974
MEX,México,2014,4.081
MEX,México,2015,2.131
MEX,México,2016,3.36
MEX,México,2017,6.773
MEX,México,2018,4.831
MEX,México,2019,2.829
MEX,México,2020,3.15
MEX,México,2021,7.355
MEX,México,2022,7.817
MEX,México,2023,4.42
MNG,Mongolia,2000,8.718
MNG,Mongolia,2001,7.547
MNG,Mongolia,2002,1.754
MNG,Mongolia,2003,4.31
MNG,Mongolia,2004,11.157
MNG,Mongolia,2005,9.665
MNG,Mongolia,2006,4.746
MNG,Mongolia,2007,17.55
MNG,Mongolia,2008,22.254
MNG,Mongolia,2009,4.147
MNG,Mongolia,2010,9.513
MNG,Mongolia,2011,10.505
MNG,Mongolia,2012,14.26
MNG,Mongolia,2013,12.0
MNG,Mongolia,2014,11.571
MNG,Mongolia,2015,2.049
MNG,Mongolia,2016,1.255
MNG,Mongolia,2017,6.32
MNG,Mongolia,2018,8.159
MNG,Mongolia,2019,5.28
MNG,Mongolia,2020,2.559
MNG,Mongolia,2021,13.872
MNG,Mongolia,2022,13.234
MNG,Mongolia,2023,7.895
MAR,Marruecos,2000,1.67
MAR,Marruecos,2001,1.706
MAR,Marruecos,2002,1.429
MAR,Marruecos,2003,1.776
MAR,Marruecos,2004,0.542
MAR,Marruecos,2005,2.095
MAR,Marruecos,2006,3.283
MAR,Marruecos,2007,1.986
MAR,Marruecos,2008,4.229
MAR,Marruecos,2009,-1.614
MAR,Marruecos,2010,2.22
MAR,Marruecos,2011,0.869
MAR,Marruecos,2012,2.583
MAR,Marruecos,2013,0.42
MAR,Marruecos,2014,1.672
MAR,Marruecos,2015,0.617
MAR,Marruecos,2016,1.736
MAR,Marruecos,2017,1.606
MAR,Marruecos,2018,0.198
MAR,Marruecos,2019,1.085
MAR,Marruecos,2020,-0.293
MAR,Marruecos,2021,3.229
MAR,Marruecos,2022,8.341
MAR,Marruecos,2023,3.412
MOZ,Mozambique,2000,11.438
MOZ,Mozambique,2001,21.935
MOZ,Mozambique,2002,9.119
MOZ,Mozambique,2003,13.815
MOZ,Mozambique,2004,9.067
MOZ,Mozambique,2005,11.148
MOZ,Mozambique,2006,9.374
MOZ,Mozambique,2007,12.545
MOZ,Mozambique,2008,11.831
MOZ,Mozambique,2009,2.242
MOZ,Mozambique,2010,17.446
MOZ,Mozambique,2011,6.141
MOZ,Mozambique,2012,2.02
MOZ,Mozambique,2013,3.538
MOZ,Mozambique,2014,1.925
MOZ,Mozambique,2015,10.554
MOZ,Mozambique,2016,21.152
MOZ,Mozambique,2017,5.648
MOZ,Mozambique,2018,3.524
MOZ,Mozambique,2019,3.503
MOZ,Mozambique,2020,3.52
MOZ,Mozambique,2021,6.74
MOZ,Mozambique,2022,10.288
MOZ,Mozambique,2023,4.251
MMR,Myanmar,2000,-1.144
MMR,Myanmar,2001,-20.926
MMR,Myanmar,2002,60.138
MMR,Myanmar,2003,24.111
MMR,Myanmar,2004,3.068
MMR,Myanmar,2005,9.982
MMR,Myanmar,2006,24.801
MMR,Myanmar,2007,34.227
MMR,Myanmar,2008,14.362
MMR,Myanmar,2009,-0.121
MMR,Myanmar,2010,6.5
MMR,Myanmar,2011,3.017
MMR,Myanmar,2012,4.116
MMR,Myanmar,2013,6.934
MMR,Myanmar,2014,3.598
MMR,Myanmar,2015,13.591
MMR,Myanmar,2016,3.877
MMR,Myanmar,2017,3.403
MMR,Myanmar,2018,8.588
MMR,Myanmar,2019,9.511
MMR,Myanmar,2020,2.034
MMR,Myanmar,2021,7.277
MMR,Myanmar,2022,31.448
MMR,Myanmar,2023,20.0
NAM,Namibia,2000,12.09
NAM,Namibia,2001,9.044
NAM,Namibia,2002,14.254
NAM,Namibia,2003,2.576
NAM,Namibia,2004,4.233
NAM,Namibia,2005,3.585
NAM,Namibia,2006,6.033
NAM,Namibia,2007,5.523
NAM,Namibia,2008,11.165
NAM,Namibia,2009,7.926
NAM,Namibia,2010,3.06
NAM,Namibia,2011,7.397
NAM,Namibia,2012,6.383
NAM,Namibia,2013,4.894
NAM,Namibia,2014,4.634
NAM,Namibia,2015,3.696
NAM,Namibia,2016,7.298
NAM,Namibia,2017,5.167
NAM,Namibia,2018,5.15
NAM,Namibia,2019,2.588
NAM,Namibia,2020,2.361
NAM,Namibia,2021,4.494
NAM,Namibia,2022,6.904
NAM,Namibia,2023,5.523
NPL,Nepal,2000,0.596
NPL,Nepal,2001,3.407
NPL,Nepal,2002,3.51
NPL,Nepal,2003,6.09
NPL,Nepal,2004,2.022
NPL,Nepal,2005,6.65
NPL,Nepal,2006,8.273
NPL,Nepal,2007,4.732
NPL,Nepal,2008,10.695
NPL,Nepal,2009,11.087
NPL,Nepal,2010,9.026
NPL,Nepal,2011,9.582
NPL,Nepal,2012,11.475
NPL,Nepal,2013,7.749
NPL,Nepal,2014,8.084
NPL,Nepal,2015,7.576
NPL,Nepal,2016,10.439
NPL,Nepal,2017,2.711
NPL,Nepal,2018,4.58
NPL,Nepal,2019,6.021
NPL,Nepal,2020,4.776
NPL,Nepal,2021,4.187
NPL,Nepal,2022,8.081
NPL,Nepal,2023,7.437
NLD,Países Bajos,2000,3.075
NLD,Países Bajos,2001,5.281
NLD,Países Bajos,2002,3.298
NLD,Países Bajos,2003,1.59
NLD,Países Bajos,2004,1.243
NLD,Países Bajos,2005,1.959
NLD,Países Bajos,2006,1.713
NLD,Países Bajos,2007,1.582
NLD,Países Bajos,2008,1.658
NLD,Países Bajos,2009,0.694
NLD,Países Bajos,2010,1.806
NLD,Países Bajos,2011,2.451
NLD,Países Bajos,2012,3.305
NLD,Países Bajos,2013,1.3
NLD,Países Bajos,2014,-0.14
NLD,Países Bajos,2015,0.452
NLD,Países Bajos,2016,0.76
NLD,Países Bajos,2017,1.2
NLD,Países Bajos,2018,1.804
NLD,Países Bajos,2019,2.696
NLD,Países Bajos,2020,0.872
NLD,Países Bajos,2021,6.395
NLD,Países Bajos,2022,11.026
NLD,Países Bajos,2023,0.999
NZL,Nueva Zelanda,2000,3.976
NZL,Nueva Zelanda,2001,1.816
NZL,Nueva Zelanda,2002,2.723
NZL,Nueva Zelanda,2003,1.554
NZL,Nueva Zelanda,2004,2.7
NZL,Nueva Zelanda,2005,3.155
NZL,Nueva Zelanda,2006,2.635
NZL,Nueva Zelanda,2007,3.184
NZL,Nueva Zelanda,2008,3.375
NZL,Nueva Zelanda,2009,1.959
NZL,Nueva Zelanda,2010,4.026
NZL,Nueva Zelanda,2011,1.847
NZL,Nueva Zelanda,2012,0.95
NZL,Nueva Zelanda,2013,1.625
NZL,Nueva Zelanda,2014,0.758
NZL,Nueva Zelanda,2015,0.084
NZL,Nueva Zelanda,2016,1.336
NZL,Nueva Zelanda,2017,1.594
NZL,Nueva Zelanda,2018,1.889
NZL,Nueva Zelanda,2019,1.854
NZL,Nueva Zelanda,2020,1.437
NZL,Nueva Zelanda,2021,5.949
NZL,Nueva Zelanda,2022,7.219
NZL,Nueva Zelanda,2023,4.655
NIC,Nicaragua,2000,9.873
NIC,Nicaragua,2001,4.838
NIC,Nicaragua,2002,3.873
NIC,Nicaragua,2003,6.48
NIC,Nicaragua,2004,9.256
NIC,Nicaragua,2005,9.583
NIC,Nicaragua,2006,9.447
NIC,Nicaragua,2007,16.877
NIC,Nicaragua,2008,13.774
NIC,Nicaragua,2009,0.933
NIC,Nicaragua,2010,9.23
NIC,Nicaragua,2011,7.95
NIC,Nicaragua,2012,6.619
NIC,Nicaragua,2013,5.675
NIC,Nicaragua,2014,6.48
NIC,Nicaragua,2015,3.052
NIC,Nicaragua,2016,3.13
NIC,Nicaragua,2017,5.678
NIC,Nicaragua,2018,3.885
NIC,Nicaragua,2019,6.13
NIC,Nicaragua,2020,2.931
NIC,Nicaragua,2021,7.21
NIC,Nicaragua,2022,11.593
NIC,Nicaragua,2023,5.591
NER,Níger,2000,4.353
NER,Níger,2001,3.05
NER,Níger,2002,0.602
NER,Níger,2003,-1.512
NER,Níger,2004,3.691
NER,Níger,2005,4.164
NER,Níger,2006,0.328
NER,Níger,2007,4.746
NER,Níger,2008,13.594
NER,Níger,2009,-4.299
NER,Níger,2010,2.677
NER,Níger,2011,1.413
NER,Níger,2012,0.707
NER,Níger,2013,1.099
NER,Níger,2014,-0.579
NER,Níger,2015,2.13
NER,Níger,2016,-2.156
NER,Níger,2017,1.747
NER,Níger,2018,1.618
NER,Níger,2019,-2.317
NER,Níger,2020,3.063
NER,Níger,2021,4.89
NER,Níger,2022,3.108
NER,Níger,2023,7.181
NGA,Nigeria,2000,14.527
NGA,Nigeria,2001,16.495
NGA,Nigeria,2002,12.169
NGA,Nigeria,2003,23.811
NGA,Nigeria,2004,10.008
NGA,Nigeria,2005,11.565
NGA,Nigeria,2006,8.5
NGA,Nigeria,2007,6.607
NGA,Nigeria,2008,15.052
NGA,Nigeria,2009,13.93
NGA,Nigeria,2010,11.816
NGA,Nigeria,2011,10.287
NGA,Nigeria,2012,11.979
NGA,Nigeria,2013,7.961
NGA,Nigeria,2014,7.978
NGA,Nigeria,2015,9.554
NGA,Nigeria,2016,18.546
NGA,Nigeria,2017,15.368
NGA,Nigeria,2018,11.442
NGA,Nigeria,2019,11.982
NGA,Nigeria,2020,15.754
NGA,Nigeria,2021,15.625
NGA,Nigeria,2022,21.345
NGA,Nigeria,2023,28.921
NOR,Noruega,2000,2.969
NOR,Noruega,2001,2.097
NOR,Noruega,2002,2.696
NOR,Noruega,2003,0.625
NOR,Noruega,2004,1.118
NOR,Noruega,2005,1.843
NOR,Noruega,2006,2.171
NOR,Noruega,2007,2.834
NOR,Noruega,2008,2.181
NOR,Noruega,2009,2.022
NOR,Noruega,2010,2.753
NOR,Noruega,2011,0.107
NOR,Noruega,2012,1.392
NOR,Noruega,2013,2.006
NOR,Noruega,2014,2.07
NOR,Noruega,2015,2.333
NOR,Noruega,2016,3.469
NOR,Noruega,2017,1.628
NOR,Noruega,2018,3.487
NOR,Noruega,2019,1.366
NOR,Noruega,2020,1.438
NOR,Noruega,2021,5.314
NOR,Noruega,2022,5.887
NOR,Noruega,2023,4.766
OMN,Omán,2000,-1.02
OMN,Omán,2001,-4.142
OMN,Omán,2002,-0.101
OMN,Omán,2003,-0.101
OMN,Omán,2004,2.018
OMN,Omán,2005,1.879
OMN,Omán,2006,4.272
OMN,Omán,2007,8.287
OMN,Omán,2008,11.78
OMN,Omán,2009,0.923
OMN,Omán,2010,4.192
OMN,Omán,2011,3.292
OMN,Omán,2012,4.377
OMN,Omán,2013,0.784
OMN,Omán,2014,1.003
OMN,Omán,2015,-0.024
OMN,Omán,2016,0.739
OMN,Omán,2017,1.667
OMN,Omán,2018,0.568
OMN,Omán,2019,0.489
OMN,Omán,2020,-0.884
OMN,Omán,2021,3.601
OMN,Omán,2022,1.497
OMN,Omán,2023,0.642
PAK,Pakistán,2000,5.103
PAK,Pakistán,2001,2.535
PAK,Pakistán,2002,4.428
PAK,Pakistán,2003,1.919
PAK,Pakistán,2004,8.457
PAK,Pakistán,2005,8.736
PAK,Pakistán,2006,7.648
PAK,Pakistán,2007,6.997
PAK,Pakistán,2008,21.529
PAK,Pakistán,2009,10.964
PAK,Pakistán,2010,11.762
PAK,Pakistán,2011,13.313
PAK,Pakistán,2012,11.265
PAK,Pakistán,2013,5.853
PAK,Pakistán,2014,8.225
PAK,Pakistán,2015,3.158
PAK,Pakistán,2016,3.191
PAK,Pakistán,2017,3.932
PAK,Pakistán,2018,5.212
PAK,Pakistán,2019,8.0
PAK,Pakistán,2020,8.592
PAK,Pakistán,2021,9.699
PAK,Pakistán,2022,21.271
PAK,Pakistán,2023,29.401
PAN,Panamá,2000,0.706
PAN,Panamá,2001,0.0
PAN,Panamá,2002,1.753
PAN,Panamá,2003,-0.2
PAN,Panamá,2004,1.605
PAN,Panamá,2005,3.356
PAN,Panamá,2006,2.197
PAN,Panamá,2007,6.355
PAN,Panamá,2008,6.766
PAN,Panamá,2009,1.893
PAN,Panamá,2010,4.927
PAN,Panamá,2011,6.313
PAN,Panamá,2012,4.634
PAN,Panamá,2013,3.737
PAN,Panamá,2014,0.97
PAN,Panamá,2015,0.294
PAN,Panamá,2016,1.463
PAN,Panamá,2017,0.481
PAN,Panamá,2018,0.158
PAN,Panamá,2019,-0.064
PAN,Panamá,2020,-1.575
PAN,Panamá,2021,2.624
PAN,Panamá,2022,2.075
PAN,Panamá,2023,1.921
PNG,Papúa Nueva Guinea,2000,9.971
PNG,Papúa Nueva Guinea,2001,10.352
PNG,Papúa Nueva Guinea,2002,14.815
PNG,Papúa Nueva Guinea,2003,8.438
PNG,Papúa Nueva Guinea,2004,2.377
PNG,Papúa Nueva Guinea,2005,4.72
PNG,Papúa Nueva Guinea,2006,-0.945
PNG,Papúa Nueva Guinea,2007,3.242
PNG,Papúa Nueva Guinea,2008,11.249
PNG,Papúa Nueva Guinea,2009,5.672
PNG,Papúa Nueva Guinea,2010,4.894
PNG,Papúa Nueva Guinea,2011,4.366
PNG,Papúa Nueva Guinea,2012,5.816
PNG,Papúa Nueva Guinea,2013,2.893
PNG,Papúa Nueva Guinea,2014,6.654
PNG,Papúa Nueva Guinea,2015,6.327
PNG,Papúa Nueva Guinea,2016,6.612
PNG,Papúa Nueva Guinea,2017,4.7
PNG,Papúa Nueva Guinea,2018,4.8
PNG,Papúa Nueva Guinea,2019,2.735
PNG,Papúa Nueva Guinea,2020,5.141
PNG,Papúa Nueva Guinea,2021,5.694
PNG,Papúa Nueva Guinea,2022,3.412
PNG,Papúa Nueva Guinea,2023,3.45
PRY,Paraguay,2000,8.644
PRY,Paraguay,2001,8.215
PRY,Paraguay,2002,14.66
PRY,Paraguay,2003,9.361
PRY,Paraguay,2004,2.714
PRY,Paraguay,2005,9.959
PRY,Paraguay,2006,12.384
PRY,Paraguay,2007,6.086
PRY,Paraguay,2008,7.442
PRY,Paraguay,2009,1.876
PRY,Paraguay,2010,7.224
PRY,Paraguay,2011,4.888
PRY,Paraguay,2012,4.03
PRY,Paraguay,2013,3.753
PRY,Paraguay,2014,4.201
PRY,Paraguay,2015,3.135
PRY,Paraguay,2016,3.909
PRY,Paraguay,2017,4.493
PRY,Paraguay,2018,3.2
PRY,Paraguay,2019,2.81
PRY,Paraguay,2020,2.168
PRY,Paraguay,2021,6.827
PRY,Paraguay,2022,8.117
PRY,Paraguay,2023,3.674
PER,Perú,2000,3.734
PER,Perú,2001,-0.127
PER,Perú,2002,1.516
PER,Perú,2003,2.484
PER,Perú,2004,3.481
PER,Perú,2005,1.494
PER,Perú,2006,1.138
PER,Perú,2007,3.928
PER,Perú,2008,6.65
PER,Perú,2009,0.245
PER,Perú,2010,2.073
PER,Perú,2011,4.747
PER,Perú,2012,2.644
PER,Perú,2013,2.858
PER,Perú,2014,3.23
PER,Perú,2015,4.394
PER,Perú,2016,3.235
PER,Perú,2017,1.365
PER,Perú,2018,2.193
PER,Perú,2019,1.9
PER,Perú,2020,1.973
PER,Perú,2021,6.427
PER,Perú,2022,8.46
PER,Perú,2023,3.237
PHL,Filipinas,2000,8.595
PHL,Filipinas,2001,3.668
PHL,Filipinas,2002,2.048
PHL,Filipinas,2003,2.372
PHL,Filipinas,2004,7.13
PHL,Filipinas,2005,5.99
PHL,Filipinas,2006,4.239
PHL,Filipinas,2007,3.464
PHL,Filipinas,2008,7.86
PHL,Filipinas,2009,4.453
PHL,Filipinas,2010,3.618
PHL,Filipinas,2011,4.239
PHL,Filipinas,2012,2.871
PHL,Filipinas,2013,3.721
PHL,Filipinas,2014,1.906
PHL,Filipinas,2015,0.77
PHL,Filipinas,2016,2.183
PHL,Filipinas,2017,2.885
PHL,Filipinas,2018,5.296
PHL,Filipinas,2019,2.367
PHL,Filipinas,2020,3.276
PHL,Filipinas,2021,3.078
PHL,Filipinas,2022,8.054
PHL,Filipinas,2023,3.936
POL,Polonia,2000,8.5
POL,Polonia,2001,3.6
POL,Polonia,2002,0.8
POL,Polonia,2003,1.7
POL,Polonia,2004,4.4
POL,Polonia,2005,0.7
POL,Polonia,2006,1.4
POL,Polonia,2007,4.0
POL,Polonia,2008,3.3
POL,Polonia,2009,3.5
POL,Polonia,2010,3.1
POL,Polonia,2011,4.6
POL,Polonia,2012,2.4
POL,Polonia,2013,0.7
POL,Polonia,2014,-1.0
POL,Polonia,2015,-0.5
POL,Polonia,2016,0.8
POL,Polonia,2017,2.1
POL,Polonia,2018,1.1
POL,Polonia,2019,3.4
POL,Polonia,2020,2.4
POL,Polonia,2021,8.6
POL,Polonia,2022,16.6
POL,Polonia,2023,6.2
PRT,Portugal,2000,3.824
PRT,Portugal,2001,3.911
PRT,Portugal,2002,4.022
PRT,Portugal,2003,2.28
PRT,Portugal,2004,2.568
PRT,Portugal,2005,2.54
PRT,Portugal,2006,2.523
PRT,Portugal,2007,2.742
PRT,Portugal,2008,0.842
PRT,Portugal,2009,-0.141
PRT,Portugal,2010,2.444
PRT,Portugal,2011,3.498
PRT,Portugal,2012,2.09
PRT,Portugal,2013,0.171
PRT,Portugal,2014,-0.27
PRT,Portugal,2015,0.291
PRT,Portugal,2016,0.881
PRT,Portugal,2017,1.618
PRT,Portugal,2018,0.635
PRT,Portugal,2019,0.369
PRT,Portugal,2020,-0.29
PRT,Portugal,2021,2.784
PRT,Portugal,2022,9.805
PRT,Portugal,2023,1.891
PRI,Puerto Rico,2000,3.53
PRI,Puerto Rico,2001,-1.959
PRI,Puerto Rico,2002,2.308
PRI,Puerto Rico,2003,0.541
PRI,Puerto Rico,2004,4.94
PRI,Puerto Rico,2005,5.88
PRI,Puerto Rico,2006,4.519
PRI,Puerto Rico,2007,4.248
PRI,Puerto Rico,2008,1.36
PRI,Puerto Rico,2009,3.905
PRI,Puerto Rico,2010,0.527
PRI,Puerto Rico,2011,3.266
PRI,Puerto Rico,2012,1.152
PRI,Puerto Rico,2013,0.811
PRI,Puerto Rico,2014,0.07
PRI,Puerto Rico,2015,-0.159
PRI,Puerto Rico,2016,0.453
PRI,Puerto Rico,2017,1.161
PRI,Puerto Rico,2018,0.569
PRI,Puerto Rico,2019,0.529
PRI,Puerto Rico,2020,-0.082
PRI,Puerto Rico,2021,4.157
PRI,Puerto Rico,2022,6.075
PRI,Puerto Rico,2023,1.549
ROU,Rumania,2000,40.71
ROU,Rumania,2001,30.193
ROU,Rumania,2002,17.89
ROU,Rumania,2003,14.241
ROU,Rumania,2004,9.158
ROU,Rumania,2005,8.717
ROU,Rumania,2006,4.879
ROU,Rumania,2007,6.561
ROU,Rumania,2008,6.3
ROU,Rumania,2009,4.751
ROU,Rumania,2010,7.978
ROU,Rumania,2011,3.133
ROU,Rumania,2012,4.964
ROU,Rumania,2013,1.569
ROU,Rumania,2014,0.828
ROU,Rumania,2015,-0.947
ROU,Rumania,2016,-0.534
ROU,Rumania,2017,3.32
ROU,Rumania,2018,3.261
ROU,Rumania,2019,4.047
ROU,Rumania,2020,2.068
ROU,Rumania,2021,8.188
ROU,Rumania,2022,16.371
ROU,Rumania,2023,6.606
RUS,Rusia,2000,20.2
RUS,Rusia,2001,18.584
RUS,Rusia,2002,15.056
RUS,Rusia,2003,11.988
RUS,Rusia,2004,11.741
RUS,Rusia,2005,10.915
RUS,Rusia,2006,8.996
RUS,Rusia,2007,11.869
RUS,Rusia,2008,13.282
RUS,Rusia,2009,8.797
RUS,Rusia,2010,8.777
RUS,Rusia,2011,6.101
RUS,Rusia,2012,6.576
RUS,Rusia,2013,6.45
RUS,Rusia,2014,11.362
RUS,Rusia,2015,12.908
RUS,Rusia,2016,5.375
RUS,Rusia,2017,2.523
RUS,Rusia,2018,4.269
RUS,Rusia,2019,3.046
RUS,Rusia,2020,4.912
RUS,Rusia,2021,8.393
RUS,Rusia,2022,11.923
RUS,Rusia,2023,7.417
RWA,Ruanda,2000,5.924
RWA,Ruanda,2001,-0.219
RWA,Ruanda,2002,6.165
RWA,Ruanda,2003,7.677
RWA,Ruanda,2004,10.25
RWA,Ruanda,2005,5.608
RWA,Ruanda,2006,12.138
RWA,Ruanda,2007,6.579
RWA,Ruanda,2008,22.323
RWA,Ruanda,2009,5.737
RWA,Ruanda,2010,0.237
RWA,Ruanda,2011,8.274
RWA,Ruanda,2012,3.93
RWA,Ruanda,2013,3.571
RWA,Ruanda,2014,2.13
RWA,Ruanda,2015,4.568
RWA,Ruanda,2016,7.312
RWA,Ruanda,2017,0.626
RWA,Ruanda,2018,1.137
RWA,Ruanda,2019,6.696
RWA,Ruanda,2020,3.749
RWA,Ruanda,2021,1.885
RWA,Ruanda,2022,21.665
RWA,Ruanda,2023,6.423
SAU,Arabia Saudita,2000,-1.731
SAU,Arabia Saudita,2001,-0.587
SAU,Arabia Saudita,2002,0.591
SAU,Arabia Saudita,2003,0.294
SAU,Arabia Saudita,2004,0.439
SAU,Arabia Saudita,2005,1.166
SAU,Arabia Saudita,2006,2.464
SAU,Arabia Saudita,2007,7.312
SAU,Arabia Saudita,2008,5.372
SAU,Arabia Saudita,2009,3.482
SAU,Arabia Saudita,2010,3.725
SAU,Arabia Saudita,2011,2.549
SAU,Arabia Saudita,2012,3.615
SAU,Arabia Saudita,2013,2.519
SAU,Arabia Saudita,2014,1.904
SAU,Arabia Saudita,2015,1.231
SAU,Arabia Saudita,2016,0.969
SAU,Arabia Saudita,2017,-1.113
SAU,Arabia Saudita,2018,1.91
SAU,Arabia Saudita,2019,-0.182
SAU,Arabia Saudita,2020,5.329
SAU,Arabia Saudita,2021,1.243
SAU,Arabia Saudita,2022,2.037
SAU,Arabia Saudita,2023,0.382
SEN,Senegal,2000,1.366
SEN,Senegal,2001,4.051
SEN,Senegal,2002,1.5
SEN,Senegal,2003,-1.488
SEN,Senegal,2004,1.709
SEN,Senegal,2005,1.422
SEN,Senegal,2006,3.909
SEN,Senegal,2007,6.178
SEN,Senegal,2008,5.548
SEN,Senegal,2009,-4.545
SEN,Senegal,2010,4.294
SEN,Senegal,2011,2.735
SEN,Senegal,2012,1.134
SEN,Senegal,2013,-0.076
SEN,Senegal,2014,-0.808
SEN,Senegal,2015,0.959
SEN,Senegal,2016,2.859
SEN,Senegal,2017,-0.792
SEN,Senegal,2018,1.116
SEN,Senegal,2019,0.638
SEN,Senegal,2020,2.433
SEN,Senegal,2021,3.825
SEN,Senegal,2022,12.8
SEN,Senegal,2023,0.788
SRB,Serbia,2000,111.959
SRB,Serbia,2001,26.258
SRB,Serbia,2002,2.508
SRB,Serbia,2003,4.107
SRB,Serbia,2004,14.202
SRB,Serbia,2005,15.839
SRB,Serbia,2006,5.718
SRB,Serbia,2007,11.025
SRB,Serbia,2008,8.584
SRB,Serbia,2009,6.601
SRB,Serbia,2010,10.245
SRB,Serbia,2011,7.004
SRB,Serbia,2012,12.184
SRB,Serbia,2013,2.195
SRB,Serbia,2014,1.752
SRB,Serbia,2015,1.556
SRB,Serbia,2016,1.532
SRB,Serbia,2017,3.017
SRB,Serbia,2018,1.987
SRB,Serbia,2019,1.846
SRB,Serbia,2020,1.259
SRB,Serbia,2021,7.857
SRB,Serbia,2022,15.122
SRB,Serbia,2023,7.649
SLE,Sierra Leona,2000,-3.052
SLE,Sierra Leona,2001,3.432
SLE,Sierra Leona,2002,-3.08
SLE,Sierra Leona,2003,11.286
SLE,Sierra Leona,2004,14.391
SLE,Sierra Leona,2005,13.1
SLE,Sierra Leona,2006,8.263
SLE,Sierra Leona,2007,13.763
SLE,Sierra Leona,2008,9.29
SLE,Sierra Leona,2009,7.532
SLE,Sierra Leona,2010,7.405
SLE,Sierra Leona,2011,6.646
SLE,Sierra Leona,2012,6.203
SLE,Sierra Leona,2013,5.374
SLE,Sierra Leona,2014,4.606
SLE,Sierra Leona,2015,8.383
SLE,Sierra Leona,2016,17.42
SLE,Sierra Leona,2017,15.324
SLE,Sierra Leona,2018,14.237
SLE,Sierra Leona,2019,13.902
SLE,Sierra Leona,2020,10.447
SLE,Sierra Leona,2021,17.938
SLE,Sierra Leona,2022,37.09
SLE,Sierra Leona,2023,52.156
SGP,Singapur,2000,2.063
SGP,Singapur,2001,-0.588
SGP,Singapur,2002,0.436
SGP,Singapur,2003,0.745
SGP,Singapur,2004,1.311
SGP,Singapur,2005,1.26
SGP,Singapur,2006,0.809
SGP,Singapur,2007,3.82
SGP,Singapur,2008,5.366
SGP,Singapur,2009,-0.527
SGP,Singapur,2010,4.59
SGP,Singapur,2011,5.534
SGP,Singapur,2012,4.324
SGP,Singapur,2013,1.499
SGP,Singapur,2014,-0.076
SGP,Singapur,2015,-0.639
SGP,Singapur,2016,0.163
SGP,Singapur,2017,0.375
SGP,Singapur,2018,0.465
SGP,Singapur,2019,0.761
SGP,Singapur,2020,0.024
SGP,Singapur,2021,3.951
SGP,Singapur,2022,6.46
SGP,Singapur,2023,3.739
SVK,Eslovaquia,2000,8.44
SVK,Eslovaquia,2001,6.568
SVK,Eslovaquia,2002,3.096
SVK,Eslovaquia,2003,9.24
SVK,Eslovaquia,2004,5.775
SVK,Eslovaquia,2005,3.656
SVK,Eslovaquia,2006,3.479
SVK,Eslovaquia,2007,2.33
SVK,Eslovaquia,2008,3.467
SVK,Eslovaquia,2009,0.044
SVK,Eslovaquia,2010,1.303
SVK,Eslovaquia,2011,4.581
SVK,Eslovaquia,2012,3.358
SVK,Eslovaquia,2013,0.36
SVK,Eslovaquia,2014,-0.139
SVK,Eslovaquia,2015,-0.449
SVK,Eslovaquia,2016,0.301
SVK,Eslovaquia,2017,2.098
SVK,Eslovaquia,2018,2.025
SVK,Eslovaquia,2019,3.318
SVK,Eslovaquia,2020,1.773
SVK,Eslovaquia,2021,5.162
SVK,Eslovaquia,2022,15.107
SVK,Eslovaquia,2023,6.615
ZAF,Sudáfrica,2000,6.515
ZAF,Sudáfrica,2001,4.893
ZAF,Sudáfrica,2002,12.245
ZAF,Sudáfrica,2003,0.26
ZAF,Sudáfrica,2004,3.627
ZAF,Sudáfrica,2005,3.5
ZAF,Sudáfrica,2006,6.039
ZAF,Sudáfrica,2007,8.656
ZAF,Sudáfrica,2008,10.066
ZAF,Sudáfrica,2009,6.31
ZAF,Sudáfrica,2010,3.597
ZAF,Sudáfrica,2011,6.076
ZAF,Sudáfrica,2012,5.728
ZAF,Sudáfrica,2013,5.263
ZAF,Sudáfrica,2014,5.441
ZAF,Sudáfrica,2015,5.16
ZAF,Sudáfrica,2016,6.764
ZAF,Sudáfrica,2017,4.695
ZAF,Sudáfrica,2018,4.921
ZAF,Sudáfrica,2019,3.744
ZAF,Sudáfrica,2020,3.172
ZAF,Sudáfrica,2021,5.442
ZAF,Sudáfrica,2022,7.406
ZAF,Sudáfrica,2023,5.523
ESP,España,2000,4.007
ESP,España,2001,2.512
ESP,España,2002,4.012
ESP,España,2003,2.692
ESP,España,2004,3.277
ESP,España,2005,3.722
ESP,España,2006,2.718
ESP,España,2007,4.284
ESP,España,2008,1.45
ESP,España,2009,0.899
ESP,España,2010,2.865
ESP,España,2011,2.347
ESP,España,2012,3.007
ESP,España,2013,0.307
ESP,España,2014,-1.134
ESP,España,2015,-0.13
ESP,España,2016,1.409
ESP,España,2017,1.222
ESP,España,2018,1.226
ESP,España,2019,0.846
ESP,España,2020,-0.572
ESP,España,2021,6.569
ESP,España,2022,5.48
ESP,España,2023,3.276
SDN,Sudán,2000,1.81
SDN,Sudán,2001,4.198
SDN,Sudán,2002,22.742
SDN,Sudán,2003,8.256
SDN,Sudán,2004,7.264
SDN,Sudán,2005,5.545
SDN,Sudán,2006,15.845
SDN,Sudán,2007,8.721
SDN,Sudán,2008,14.893
SDN,Sudán,2009,13.447
SDN,Sudán,2010,15.352
SDN,Sudán,2011,18.895
SDN,Sudán,2012,44.436
SDN,Sudán,2013,41.903
SDN,Sudán,2014,25.668
SDN,Sudán,2015,12.582
SDN,Sudán,2016,30.474
SDN,Sudán,2017,25.151
SDN,Sudán,2018,72.935
SDN,Sudán,2019,57.011
SDN,Sudán,2020,269.334
SDN,Sudán,2021,318.208
SDN,Sudán,2022,87.319
SDN,Sudán,2023,146.627
SWE,Suecia,2000,1.504
SWE,Suecia,2001,3.038
SWE,Suecia,2002,1.595
SWE,Suecia,2003,1.911
SWE,Suecia,2004,1.128
SWE,Suecia,2005,1.104
SWE,Suecia,2006,1.404
SWE,Suecia,2007,2.292
SWE,Suecia,2008,2.665
SWE,Suecia,2009,2.327
SWE,Suecia,2010,1.777
SWE,Suecia,2011,0.835
SWE,Suecia,2012,0.973
SWE,Suecia,2013,0.253
SWE,Suecia,2014,0.309
SWE,Suecia,2015,0.851
SWE,Suecia,2016,1.416
SWE,Suecia,2017,1.776
SWE,Suecia,2018,2.218
SWE,Suecia,2019,1.71
SWE,Suecia,2020,0.399
SWE,Suecia,2021,3.904
SWE,Suecia,2022,10.231
SWE,Suecia,2023,3.024
CHE,Suiza,2000,1.489
CHE,Suiza,2001,0.332
CHE,Suiza,2002,0.88
CHE,Suiza,2003,0.56
CHE,Suiza,2004,1.289
CHE,Suiza,2005,0.975
CHE,Suiza,2006,0.629
CHE,Suiza,2007,2.022
CHE,Suiza,2008,0.719
CHE,Suiza,2009,0.296
CHE,Suiza,2010,0.535
CHE,Suiza,2011,-0.586
CHE,Suiza,2012,-0.435
CHE,Suiza,2013,0.082
CHE,Suiza,2014,-0.307
CHE,Suiza,2015,-1.274
CHE,Suiza,2016,0.027
CHE,Suiza,2017,0.878
CHE,Suiza,2018,0.726
CHE,Suiza,2019,0.191
CHE,Suiza,2020,-0.777
CHE,Suiza,2021,1.571
CHE,Suiza,2022,2.877
CHE,Suiza,2023,1.74
TWN,Taiwán,2000,1.639
TWN,Taiwán,2001,-1.685
TWN,Taiwán,2002,0.777
TWN,Taiwán,2003,-0.061
TWN,Taiwán,2004,1.616
TWN,Taiwán,2005,2.205
TWN,Taiwán,2006,0.684
TWN,Taiwán,2007,3.325
TWN,Taiwán,2008,1.269
TWN,Taiwán,2009,-0.246
TWN,Taiwán,2010,1.234
TWN,Taiwán,2011,2.027
TWN,Taiwán,2012,1.618
TWN,Taiwán,2013,0.331
TWN,Taiwán,2014,0.607
TWN,Taiwán,2015,0.127
TWN,Taiwán,2016,1.692
TWN,Taiwán,2017,1.216
TWN,Taiwán,2018,-0.062
TWN,Taiwán,2019,1.151
TWN,Taiwán,2020,0.041
TWN,Taiwán,2021,2.631
TWN,Taiwán,2022,2.712
TWN,Taiwán,2023,2.698
TJK,Tayikistán,2000,60.628
TJK,Tayikistán,2001,12.479
TJK,Tayikistán,2002,14.471
TJK,Tayikistán,2003,13.731
TJK,Tayikistán,2004,5.732
TJK,Tayikistán,2005,7.125
TJK,Tayikistán,2006,12.514
TJK,Tayikistán,2007,19.846
TJK,Tayikistán,2008,11.857
TJK,Tayikistán,2009,4.915
TJK,Tayikistán,2010,9.804
TJK,Tayikistán,2011,9.315
TJK,Tayikistán,2012,6.444
TJK,Tayikistán,2013,3.707
TJK,Tayikistán,2014,7.381
TJK,Tayikistán,2015,5.082
TJK,Tayikistán,2016,6.067
TJK,Tayikistán,2017,6.658
TJK,Tayikistán,2018,5.383
TJK,Tayikistán,2019,8.047
TJK,Tayikistán,2020,9.427
TJK,Tayikistán,2021,8.042
TJK,Tayikistán,2022,4.234
TJK,Tayikistán,2023,3.831
TZA,Tanzanía,2000,5.529
TZA,Tanzanía,2001,4.854
TZA,Tanzanía,2002,4.404
TZA,Tanzanía,2003,4.563
TZA,Tanzanía,2004,4.102
TZA,Tanzanía,2005,4.982
TZA,Tanzanía,2006,6.659
TZA,Tanzanía,2007,6.423
TZA,Tanzanía,2008,13.474
TZA,Tanzanía,2009,12.226
TZA,Tanzanía,2010,5.553
TZA,Tanzanía,2011,19.754
TZA,Tanzanía,2012,12.062
TZA,Tanzanía,2013,5.561
TZA,Tanzanía,2014,4.752
TZA,Tanzanía,2015,6.828
TZA,Tanzanía,2016,5.049
TZA,Tanzanía,2017,3.961
TZA,Tanzanía,2018,3.25
TZA,Tanzanía,2019,3.85
TZA,Tanzanía,2020,3.154
TZA,Tanzanía,2021,4.16
TZA,Tanzanía,2022,4.851
TZA,Tanzanía,2023,3.968
THA,Tailandia,2000,1.627
THA,Tailandia,2001,0.582
THA,Tailandia,2002,1.592
THA,Tailandia,2003,1.852
THA,Tailandia,2004,2.937
THA,Tailandia,2005,5.707
THA,Tailandia,2006,3.728
THA,Tailandia,2007,2.974
THA,Tailandia,2008,0.481
THA,Tailandia,2009,3.473
THA,Tailandia,2010,3.09
THA,Tailandia,2011,3.537
THA,Tailandia,2012,3.622
THA,Tailandia,2013,1.674
THA,Tailandia,2014,0.597
THA,Tailandia,2015,-0.859
THA,Tailandia,2016,1.125
THA,Tailandia,2017,0.776
THA,Tailandia,2018,0.354
THA,Tailandia,2019,0.878
THA,Tailandia,2020,-0.27
THA,Tailandia,2021,2.166
THA,Tailandia,2022,5.89
THA,Tailandia,2023,-0.834
TGO,Togo,2000,-1.231
TGO,Togo,2001,6.561
TGO,Togo,2002,1.476
TGO,Togo,2003,-1.675
TGO,Togo,2004,3.667
TGO,Togo,2005,3.575
TGO,Togo,2006,0.649
TGO,Togo,2007,3.038
TGO,Togo,2008,8.698
TGO,Togo,2009,1.753
TGO,Togo,2010,1.556
TGO,Togo,2011,1.461
TGO,Togo,2012,2.909
TGO,Togo,2013,-0.504
TGO,Togo,2014,1.831
TGO,Togo,2015,1.624
TGO,Togo,2016,0.438
TGO,Togo,2017,-0.68
TGO,Togo,2018,1.989
TGO,Togo,2019,-0.329
TGO,Togo,2020,3.537
TGO,Togo,2021,6.157
TGO,Togo,2022,7.716
TGO,Togo,2023,2.613
TUN,Túnez,2000,1.689
TUN,Túnez,2001,2.881
TUN,Túnez,2002,1.6
TUN,Túnez,2003,4.462
TUN,Túnez,2004,1.256
TUN,Túnez,2005,3.474
TUN,Túnez,2006,3.357
TUN,Túnez,2007,5.104
TUN,Túnez,2008,4.084
TUN,Túnez,2009,4.136
TUN,Túnez,2010,3.48
TUN,Túnez,2011,3.448
TUN,Túnez,2012,5.373
TUN,Túnez,2013,5.225
TUN,Túnez,2014,4.444
TUN,Túnez,2015,3.819
TUN,Túnez,2016,4.217
TUN,Túnez,2017,6.154
TUN,Túnez,2018,7.493
TUN,Túnez,2019,6.078
TUN,Túnez,2020,4.881
TUN,Túnez,2021,6.606
TUN,Túnez,2022,10.089
TUN,Túnez,2023,8.114
TUR,Turquía,2000,38.998
TUR,Turquía,2001,68.489
TUR,Turquía,2002,29.705
TUR,Turquía,2003,18.403
TUR,Turquía,2004,9.353
TUR,Turquía,2005,7.717
TUR,Turquía,2006,9.653
TUR,Turquía,2007,8.387
TUR,Turquía,2008,10.064
TUR,Turquía,2009,6.526
TUR,Turquía,2010,6.401
TUR,Turquía,2011,10.448
TUR,Turquía,2012,6.164
TUR,Turquía,2013,7.4
TUR,Turquía,2014,8.17
TUR,Turquía,2015,8.808
TUR,Turquía,2016,8.533
TUR,Turquía,2017,11.92
TUR,Turquía,2018,20.302
TUR,Turquía,2019,11.836
TUR,Turquía,2020,14.599
TUR,Turquía,2021,36.081
TUR,Turquía,2022,64.27
TUR,Turquía,2023,64.773
TKM,Turkmenistán,2000,7.372
TKM,Turkmenistán,2001,11.746
TKM,Turkmenistán,2002,7.805
TKM,Turkmenistán,2003,3.059
TKM,Turkmenistán,2004,9.0
TKM,Turkmenistán,2005,10.354
TKM,Turkmenistán,2006,7.098
TKM,Turkmenistán,2007,8.648
TKM,Turkmenistán,2008,8.936
TKM,Turkmenistán,2009,0.148
TKM,Turkmenistán,2010,4.773
TKM,Turkmenistán,2011,5.568
TKM,Turkmenistán,2012,7.832
TKM,Turkmenistán,2013,4.002
TKM,Turkmenistán,2014,4.418
TKM,Turkmenistán,2015,6.005
TKM,Turkmenistán,2016,6.168
TKM,Turkmenistán,2017,10.419
TKM,Turkmenistán,2018,7.2
TKM,Turkmenistán,2019,6.267
TKM,Turkmenistán,2020,8.9
TKM,Turkmenistán,2021,21.136
TKM,Turkmenistán,2022,3.034
TKM,Turkmenistán,2023,1.465
UGA,Uganda,2000,4.218
UGA,Uganda,2001,-4.424
UGA,Uganda,2002,5.722
UGA,Uganda,2003,5.907
UGA,Uganda,2004,8.004
UGA,Uganda,2005,3.673
UGA,Uganda,2006,10.884
UGA,Uganda,2007,5.183
UGA,Uganda,2008,14.234
UGA,Uganda,2009,10.938
UGA,Uganda,2010,3.083
UGA,Uganda,2011,27.009
UGA,Uganda,2012,5.243
UGA,Uganda,2013,6.739
UGA,Uganda,2014,1.794
UGA,Uganda,2015,6.448
UGA,Uganda,2016,5.649
UGA,Uganda,2017,3.006
UGA,Uganda,2018,2.321
UGA,Uganda,2019,2.372
UGA,Uganda,2020,2.457
UGA,Uganda,2021,2.88
UGA,Uganda,2022,10.231
UGA,Uganda,2023,2.603
UKR,Ucrania,2000,25.816
UKR,Ucrania,2001,6.122
UKR,Ucrania,2002,-0.569
UKR,Ucrania,2003,8.243
UKR,Ucrania,2004,12.309
UKR,Ucrania,2005,10.347
UKR,Ucrania,2006,11.625
UKR,Ucrania,2007,16.59
UKR,Ucrania,2008,22.311
UKR,Ucrania,2009,12.31
UKR,Ucrania,2010,9.096
UKR,Ucrania,2011,4.56
UKR,Ucrania,2012,-0.202
UKR,Ucrania,2013,0.496
UKR,Ucrania,2014,24.87
UKR,Ucrania,2015,43.313
UKR,Ucrania,2016,12.361
UKR,Ucrania,2017,13.669
UKR,Ucrania,2018,9.777
UKR,Ucrania,2019,4.054
UKR,Ucrania,2020,4.992
UKR,Ucrania,2021,10.015
UKR,Ucrania,2022,26.603
UKR,Ucrania,2023,5.084
ARE,Emiratos Árabes Unidos,2000,2.535
ARE,Emiratos Árabes Unidos,2001,2.747
ARE,Emiratos Árabes Unidos,2002,2.828
ARE,Emiratos Árabes Unidos,2003,2.079
ARE,Emiratos Árabes Unidos,2004,5.041
ARE,Emiratos Árabes Unidos,2005,6.028
ARE,Emiratos Árabes Unidos,2006,12.027
ARE,Emiratos Árabes Unidos,2007,11.253
ARE,Emiratos Árabes Unidos,2008,8.804
ARE,Emiratos Árabes Unidos,2009,0.2
ARE,Emiratos Árabes Unidos,2010,1.722
ARE,Emiratos Árabes Unidos,2011,0.156
ARE,Emiratos Árabes Unidos,2012,0.601
ARE,Emiratos Árabes Unidos,2013,1.443
ARE,Emiratos Árabes Unidos,2014,3.108
ARE,Emiratos Árabes Unidos,2015,3.596
ARE,Emiratos Árabes Unidos,2016,1.619
ARE,Emiratos Árabes Unidos,2017,1.966
ARE,Emiratos Árabes Unidos,2018,3.071
ARE,Emiratos Árabes Unidos,2019,-1.934
ARE,Emiratos Árabes Unidos,2020,-2.076
ARE,Emiratos Árabes Unidos,2021,-0.113
ARE,Emiratos Árabes Unidos,2022,4.827
ARE,Emiratos Árabes Unidos,2023,1.623
GBR,Reino Unido,2000,0.806
GBR,Reino Unido,2001,1.059
GBR,Reino Unido,2002,1.661
GBR,Reino Unido,2003,1.27
GBR,Reino Unido,2004,1.673
GBR,Reino Unido,2005,1.918
GBR,Reino Unido,2006,2.985
GBR,Reino Unido,2007,2.083
GBR,Reino Unido,2008,3.051
GBR,Reino Unido,2009,2.894
GBR,Reino Unido,2010,3.703
GBR,Reino Unido,2011,4.197
GBR,Reino Unido,2012,2.677
GBR,Reino Unido,2013,2.034
GBR,Reino Unido,2014,0.547
GBR,Reino Unido,2015,0.202
GBR,Reino Unido,2016,1.559
GBR,Reino Unido,2017,2.973
GBR,Reino Unido,2018,2.104
GBR,Reino Unido,2019,1.302
GBR,Reino Unido,2020,0.589
GBR,Reino Unido,2021,5.386
GBR,Reino Unido,2022,10.528
GBR,Reino Unido,2023,3.993
USA,Estados Unidos,2000,3.427
USA,Estados Unidos,2001,1.552
USA,Estados Unidos,2002,2.616
USA,Estados Unidos,2003,1.909
USA,Estados Unidos,2004,3.209
USA,Estados Unidos,2005,3.683
USA,Estados Unidos,2006,2.199
USA,Estados Unidos,2007,4.084
USA,Estados Unidos,2008,0.701
USA,Estados Unidos,2009,1.919
USA,Estados Unidos,2010,1.689
USA,Estados Unidos,2011,3.086
USA,Estados Unidos,2012,1.822
USA,Estados Unidos,2013,1.319
USA,Estados Unidos,2014,0.524
USA,Estados Unidos,2015,0.695
USA,Estados Unidos,2016,2.197
USA,Estados Unidos,2017,2.178
USA,Estados Unidos,2018,1.921
USA,Estados Unidos,2019,2.086
USA,Estados Unidos,2020,1.561
USA,Estados Unidos,2021,7.392
USA,Estados Unidos,2022,6.413
USA,Estados Unidos,2023,3.201
URY,Uruguay,2000,5.083
URY,Uruguay,2001,3.567
URY,Uruguay,2002,25.978
URY,Uruguay,2003,10.195
URY,Uruguay,2004,7.569
URY,Uruguay,2005,4.887
URY,Uruguay,2006,6.373
URY,Uruguay,2007,8.514
URY,Uruguay,2008,9.202
URY,Uruguay,2009,5.914
URY,Uruguay,2010,6.924
URY,Uruguay,2011,8.59
URY,Uruguay,2012,7.478
URY,Uruguay,2013,8.523
URY,Uruguay,2014,8.266
URY,Uruguay,2015,9.444
URY,Uruguay,2016,8.09
URY,Uruguay,2017,6.551
URY,Uruguay,2018,7.961
URY,Uruguay,2019,8.801
URY,Uruguay,2020,9.401
URY,Uruguay,2021,7.97
URY,Uruguay,2022,8.291
URY,Uruguay,2023,5.113
UZB,Uzbekistán,2000,28.182
UZB,Uzbekistán,2001,26.483
UZB,Uzbekistán,2002,21.557
UZB,Uzbekistán,2003,8.74
UZB,Uzbekistán,2004,9.261
UZB,Uzbekistán,2005,11.377
UZB,Uzbekistán,2006,10.88
UZB,Uzbekistán,2007,11.855
UZB,Uzbekistán,2008,13.833
UZB,Uzbekistán,2009,12.356
UZB,Uzbekistán,2010,11.901
UZB,Uzbekistán,2011,13.61
UZB,Uzbekistán,2012,10.813
UZB,Uzbekistán,2013,10.804
UZB,Uzbekistán,2014,9.237
UZB,Uzbekistán,2015,8.427
UZB,Uzbekistán,2016,9.801
UZB,Uzbekistán,2017,18.782
UZB,Uzbekistán,2018,14.265
UZB,Uzbekistán,2019,15.189
UZB,Uzbekistán,2020,11.167
UZB,Uzbekistán,2021,9.983
UZB,Uzbekistán,2022,12.257
UZB,Uzbekistán,2023,8.751
VEN,Venezuela,2000,13.431
VEN,Venezuela,2001,12.282
VEN,Venezuela,2002,31.215
VEN,Venezuela,2003,27.084
VEN,Venezuela,2004,19.185
VEN,Venezuela,2005,14.358
VEN,Venezuela,2006,16.966
VEN,Venezuela,2007,22.457
VEN,Venezuela,2008,30.9
VEN,Venezuela,2009,25.057
VEN,Venezuela,2010,27.184
VEN,Venezuela,2011,27.57
VEN,Venezuela,2012,20.068
VEN,Venezuela,2013,56.193
VEN,Venezuela,2014,68.54
VEN,Venezuela,2015,180.87
VEN,Venezuela,2016,274.354
VEN,Venezuela,2017,862.629
VEN,Venezuela,2018,130060.244
VEN,Venezuela,2019,9585.494
VEN,Venezuela,2020,2959.839
VEN,Venezuela,2021,686.383
VEN,Venezuela,2022,233.986
VEN,Venezuela,2023,189.981
VNM,Vietnam,2000,-0.628
VNM,Vietnam,2001,0.567
VNM,Vietnam,2002,3.967
VNM,Vietnam,2003,2.942
VNM,Vietnam,2004,9.75
VNM,Vietnam,2005,8.836
VNM,Vietnam,2006,6.785
VNM,Vietnam,2007,12.685
VNM,Vietnam,2008,20.089
VNM,Vietnam,2009,6.376
VNM,Vietnam,2010,11.755
VNM,Vietnam,2011,18.137
VNM,Vietnam,2012,6.83
VNM,Vietnam,2013,6.021
VNM,Vietnam,2014,1.857
VNM,Vietnam,2015,0.612
VNM,Vietnam,2016,4.737
VNM,Vietnam,2017,2.597
VNM,Vietnam,2018,2.983
VNM,Vietnam,2019,5.232
VNM,Vietnam,2020,0.187
VNM,Vietnam,2021,1.813
VNM,Vietnam,2022,4.549
VNM,Vietnam,2023,3.581
YEM,Yemen,2000,8.458
YEM,Yemen,2001,22.35
YEM,Yemen,2002,4.33
YEM,Yemen,2003,13.591
YEM,Yemen,2004,9.981
YEM,Yemen,2005,12.478
YEM,Yemen,2006,7.861
YEM,Yemen,2007,11.168
YEM,Yemen,2008,10.795
YEM,Yemen,2009,8.833
YEM,Yemen,2010,12.486
YEM,Yemen,2011,23.173
YEM,Yemen,2012,5.806
YEM,Yemen,2013,8.14
YEM,Yemen,2014,10.005
YEM,Yemen,2015,34.0
YEM,Yemen,2016,11.9
YEM,Yemen,2017,46.7
YEM,Yemen,2018,35.89
YEM,Yemen,2019,1.366
YEM,Yemen,2020,43.228
YEM,Yemen,2021,50.398
YEM,Yemen,2022,-2.68
YEM,Yemen,2023,0.497
ZMB,Zambia,2000,30.1
ZMB,Zambia,2001,18.678
ZMB,Zambia,2002,26.654
ZMB,Zambia,2003,17.161
ZMB,Zambia,2004,17.502
ZMB,Zambia,2005,15.851
ZMB,Zambia,2006,8.239
ZMB,Zambia,2007,8.933
ZMB,Zambia,2008,16.56
ZMB,Zambia,2009,9.9
ZMB,Zambia,2010,7.9
ZMB,Zambia,2011,7.2
ZMB,Zambia,2012,7.328
ZMB,Zambia,2013,7.14
ZMB,Zambia,2014,7.862
ZMB,Zambia,2015,21.112
ZMB,Zambia,2016,7.469
ZMB,Zambia,2017,6.085
ZMB,Zambia,2018,7.859
ZMB,Zambia,2019,11.719
ZMB,Zambia,2020,19.231
ZMB,Zambia,2021,16.354
ZMB,Zambia,2022,9.899
ZMB,Zambia,2023,13.0
