"sector","subsector","anio","valor_en_mtco2e","valor_en_porcent"
"Agricultura, ganadería, silvicultura y otros usos de la tierra","Emisiones de la quema de biomasa","1990","10.5977642476574","3.8703258706237"
"Agricultura, ganadería, silvicultura y otros usos de la tierra","Emisiones de la quema de biomasa","1991","10.6799272284329","3.5100896406366"
"Agricultura, ganadería, silvicultura y otros usos de la tierra","Emisiones de la quema de biomasa","1992","10.7620902092083","3.44805840468417"
"Agricultura, ganadería, silvicultura y otros usos de la tierra","Emisiones de la quema de biomasa","1993","10.7640348075603","3.47684271095574"
"Agricultura, ganadería, silvicultura y otros usos de la tierra","Emisiones de la quema de biomasa","1994","6.03058589118812","1.90927179174855"
"Agricultura, ganadería, silvicultura y otros usos de la tierra","Emisiones de la quema de biomasa","1995","6.19204173080434","1.92409502939599"
"Agricultura, ganadería, silvicultura y otros usos de la tierra","Emisiones de la quema de biomasa","1996","5.55802409740994","1.56342030927599"
"Agricultura, ganadería, silvicultura y otros usos de la tierra","Emisiones de la quema de biomasa","1997","5.54571843311995","1.57333802538122"
"Agricultura, ganadería, silvicultura y otros usos de la tierra","Emisiones de la quema de biomasa","1998","6.94427474277558","1.84414717318062"
"Agricultura, ganadería, silvicultura y otros usos de la tierra","Emisiones de la quema de biomasa","1999","5.86735948051017","1.59413407925542"
"Agricultura, ganadería, silvicultura y otros usos de la tierra","Emisiones de la quema de biomasa","2000","13.9530115422495","3.77643428758539"
"Agricultura, ganadería, silvicultura y otros usos de la tierra","Emisiones de la quema de biomasa","2001","18.710844904131","5.09397367990102"
"Agricultura, ganadería, silvicultura y otros usos de la tierra","Emisiones de la quema de biomasa","2002","13.0527671799868","3.51342702395433"
"Agricultura, ganadería, silvicultura y otros usos de la tierra","Emisiones de la quema de biomasa","2003","14.0801161687624","3.64174186446998"
"Agricultura, ganadería, silvicultura y otros usos de la tierra","Emisiones de la quema de biomasa","2004","6.48909171824744","1.60581972530172"
"Agricultura, ganadería, silvicultura y otros usos de la tierra","Emisiones de la quema de biomasa","2005","7.5421203208363","1.88670836023524"
"Agricultura, ganadería, silvicultura y otros usos de la tierra","Emisiones de la quema de biomasa","2006","7.45204742171307","1.7398044070841"
"Agricultura, ganadería, silvicultura y otros usos de la tierra","Emisiones de la quema de biomasa","2007","7.06802596429885","1.5703484094202"
"Agricultura, ganadería, silvicultura y otros usos de la tierra","Emisiones de la quema de biomasa","2008","6.58572828852359","1.53006304976104"
"Agricultura, ganadería, silvicultura y otros usos de la tierra","Emisiones de la quema de biomasa","2009","5.70758733786092","1.47827485251967"
"Agricultura, ganadería, silvicultura y otros usos de la tierra","Emisiones de la quema de biomasa","2010","4.19295931259276","1.04725605233043"
"Agricultura, ganadería, silvicultura y otros usos de la tierra","Emisiones de la quema de biomasa","2011","3.87681909801248","1.00392770774006"
"Agricultura, ganadería, silvicultura y otros usos de la tierra","Emisiones de la quema de biomasa","2012","5.46477297051052","1.28129566111386"
"Agricultura, ganadería, silvicultura y otros usos de la tierra","Emisiones de la quema de biomasa","2013","5.84578352653631","1.36487771140809"
"Agricultura, ganadería, silvicultura y otros usos de la tierra","Emisiones de la quema de biomasa","2014","4.96327038193492","1.24121139830523"
"Agricultura, ganadería, silvicultura y otros usos de la tierra","Emisiones de la quema de biomasa","2015","3.79875261741679","0.988708727750045"
"Agricultura, ganadería, silvicultura y otros usos de la tierra","Emisiones de la quema de biomasa","2016","4.41853045332853","1.16541881462926"
"Agricultura, ganadería, silvicultura y otros usos de la tierra","Emisiones de la quema de biomasa","2017","7.36261113288458","1.9032987763395"
"Agricultura, ganadería, silvicultura y otros usos de la tierra","Emisiones de la quema de biomasa","2018","5.15544606658529","1.33466186402863"
"Agricultura, ganadería, silvicultura y otros usos de la tierra","Emisiones de la quema de biomasa","2019","3.11286600793535","0.897086357673903"
"Agricultura, ganadería, silvicultura y otros usos de la tierra","Emisiones de la quema de biomasa","2020","5.93916788212686","1.51138608737235"
"Agricultura, ganadería, silvicultura y otros usos de la tierra","Emisiones de la quema de biomasa","2021","4.08070027524464","1.02439627462317"
"Agricultura, ganadería, silvicultura y otros usos de la tierra","Emisiones de la quema de biomasa","2022","4.37169838502253","1.09041502708305"
"Agricultura, ganadería, silvicultura y otros usos de la tierra","Emisiones directas e indirectas de N2O y otros","1990","8.17981780107058","2.98728672507219"
"Agricultura, ganadería, silvicultura y otros usos de la tierra","Emisiones directas e indirectas de N2O y otros","1991","8.19891032479599","2.69467287370251"
"Agricultura, ganadería, silvicultura y otros usos de la tierra","Emisiones directas e indirectas de N2O y otros","1992","7.86239705933818","2.51902778497612"
"Agricultura, ganadería, silvicultura y otros usos de la tierra","Emisiones directas e indirectas de N2O y otros","1993","8.62690456550846","2.7865378357595"
"Agricultura, ganadería, silvicultura y otros usos de la tierra","Emisiones directas e indirectas de N2O y otros","1994","8.51603199791542","2.6961592065219"
"Agricultura, ganadería, silvicultura y otros usos de la tierra","Emisiones directas e indirectas de N2O y otros","1995","7.49649796209476","2.32943754157646"
"Agricultura, ganadería, silvicultura y otros usos de la tierra","Emisiones directas e indirectas de N2O y otros","1996","7.16256376386117","2.01476234335206"
"Agricultura, ganadería, silvicultura y otros usos de la tierra","Emisiones directas e indirectas de N2O y otros","1997","6.73046288720375","1.90945380955761"
"Agricultura, ganadería, silvicultura y otros usos de la tierra","Emisiones directas e indirectas de N2O y otros","1998","6.85805931364379","1.82125148632961"
"Agricultura, ganadería, silvicultura y otros usos de la tierra","Emisiones directas e indirectas de N2O y otros","1999","7.23691738375326","1.96623654448286"
"Agricultura, ganadería, silvicultura y otros usos de la tierra","Emisiones directas e indirectas de N2O y otros","2000","7.106967560499","1.9235271106139"
"Agricultura, ganadería, silvicultura y otros usos de la tierra","Emisiones directas e indirectas de N2O y otros","2001","7.12100122043147","1.93867208975755"
"Agricultura, ganadería, silvicultura y otros usos de la tierra","Emisiones directas e indirectas de N2O y otros","2002","7.36993699178264","1.98377366536282"
"Agricultura, ganadería, silvicultura y otros usos de la tierra","Emisiones directas e indirectas de N2O y otros","2003","6.84871681507076","1.77138160256634"
"Agricultura, ganadería, silvicultura y otros usos de la tierra","Emisiones directas e indirectas de N2O y otros","2004","7.27936725969534","1.80138485336301"
"Agricultura, ganadería, silvicultura y otros usos de la tierra","Emisiones directas e indirectas de N2O y otros","2005","7.07267672926212","1.76927412275232"
"Agricultura, ganadería, silvicultura y otros usos de la tierra","Emisiones directas e indirectas de N2O y otros","2006","6.81945340480241","1.59211481303919"
"Agricultura, ganadería, silvicultura y otros usos de la tierra","Emisiones directas e indirectas de N2O y otros","2007","7.28047900880323","1.61755045737519"
"Agricultura, ganadería, silvicultura y otros usos de la tierra","Emisiones directas e indirectas de N2O y otros","2008","7.1034305267838","1.65034087338776"
"Agricultura, ganadería, silvicultura y otros usos de la tierra","Emisiones directas e indirectas de N2O y otros","2009","6.20405452755076","1.60686070117611"
"Agricultura, ganadería, silvicultura y otros usos de la tierra","Emisiones directas e indirectas de N2O y otros","2010","5.5287095939624","1.3808802213905"
"Agricultura, ganadería, silvicultura y otros usos de la tierra","Emisiones directas e indirectas de N2O y otros","2011","5.48515318369368","1.42041635760921"
"Agricultura, ganadería, silvicultura y otros usos de la tierra","Emisiones directas e indirectas de N2O y otros","2012","4.75289278094374","1.11438497643456"
"Agricultura, ganadería, silvicultura y otros usos de la tierra","Emisiones directas e indirectas de N2O y otros","2013","4.82579493439057","1.1267300466869"
"Agricultura, ganadería, silvicultura y otros usos de la tierra","Emisiones directas e indirectas de N2O y otros","2014","5.91898410920548","1.48021565971372"
"Agricultura, ganadería, silvicultura y otros usos de la tierra","Emisiones directas e indirectas de N2O y otros","2015","5.58308481646871","1.45312033758205"
"Agricultura, ganadería, silvicultura y otros usos de la tierra","Emisiones directas e indirectas de N2O y otros","2016","5.1954218592619","1.37032944520247"
"Agricultura, ganadería, silvicultura y otros usos de la tierra","Emisiones directas e indirectas de N2O y otros","2017","5.25627339869696","1.35879222021688"
"Agricultura, ganadería, silvicultura y otros usos de la tierra","Emisiones directas e indirectas de N2O y otros","2018","5.56758443907484","1.441357843651"
"Agricultura, ganadería, silvicultura y otros usos de la tierra","Emisiones directas e indirectas de N2O y otros","2019","5.8601899744763","1.68882838711291"
"Agricultura, ganadería, silvicultura y otros usos de la tierra","Emisiones directas e indirectas de N2O y otros","2020","6.33860773372469","1.61303464259569"
"Agricultura, ganadería, silvicultura y otros usos de la tierra","Emisiones directas e indirectas de N2O y otros","2021","5.30252904468425","1.33111736542083"
"Agricultura, ganadería, silvicultura y otros usos de la tierra","Emisiones directas e indirectas de N2O y otros","2022","5.21376118764531","1.30044734241232"
"Agricultura, ganadería, silvicultura y otros usos de la tierra","Ganado","1990","83.2347179383415","30.3974946642202"
"Agricultura, ganadería, silvicultura y otros usos de la tierra","Ganado","1991","84.521202606784","27.7789343820982"
"Agricultura, ganadería, silvicultura y otros usos de la tierra","Ganado","1992","85.8692570718074","27.5115900159522"
"Agricultura, ganadería, silvicultura y otros usos de la tierra","Ganado","1993","87.9960103452051","28.4231974934739"
"Agricultura, ganadería, silvicultura y otros usos de la tierra","Ganado","1994","88.5910504032032","28.0477546606812"
"Agricultura, ganadería, silvicultura y otros usos de la tierra","Ganado","1995","86.8829389461378","26.9977235673222"
"Agricultura, ganadería, silvicultura y otros usos de la tierra","Ganado","1996","83.7426234951775","23.5560184752392"
"Agricultura, ganadería, silvicultura y otros usos de la tierra","Ganado","1997","82.3862017915859","23.3732284840342"
"Agricultura, ganadería, silvicultura y otros usos de la tierra","Ganado","1998","78.3370129393182","20.8034656344423"
"Agricultura, ganadería, silvicultura y otros usos de la tierra","Ganado","1999","81.8895960093432","22.2490195408313"
"Agricultura, ganadería, silvicultura y otros usos de la tierra","Ganado","2000","81.0777504854832","21.9439936652063"
"Agricultura, ganadería, silvicultura y otros usos de la tierra","Ganado","2001","79.1262620164844","21.5418971279023"
"Agricultura, ganadería, silvicultura y otros usos de la tierra","Ganado","2002","81.8528391785076","22.0324145211214"
"Agricultura, ganadería, silvicultura y otros usos de la tierra","Ganado","2003","83.9100718330346","21.7028622336931"
"Agricultura, ganadería, silvicultura y otros usos de la tierra","Ganado","2004","85.3042528870134","21.1097728134883"
"Agricultura, ganadería, silvicultura y otros usos de la tierra","Ganado","2005","85.6210358014593","21.4186352360793"
"Agricultura, ganadería, silvicultura y otros usos de la tierra","Ganado","2006","86.2435655749136","20.1349947173831"
"Agricultura, ganadería, silvicultura y otros usos de la tierra","Ganado","2007","85.8669327095607","19.0776041122858"
"Agricultura, ganadería, silvicultura y otros usos de la tierra","Ganado","2008","86.5152185520088","20.100091189475"
"Agricultura, ganadería, silvicultura y otros usos de la tierra","Ganado","2009","83.2584539748252","21.5640815435647"
"Agricultura, ganadería, silvicultura y otros usos de la tierra","Ganado","2010","76.5124293649106","19.1101555625063"
"Agricultura, ganadería, silvicultura y otros usos de la tierra","Ganado","2011","73.7328472221362","19.0936039122425"
"Agricultura, ganadería, silvicultura y otros usos de la tierra","Ganado","2012","75.8807806502145","17.7913548346309"
"Agricultura, ganadería, silvicultura y otros usos de la tierra","Ganado","2013","77.5914270745634","18.1161017902363"
"Agricultura, ganadería, silvicultura y otros usos de la tierra","Ganado","2014","78.6415595939128","19.6666295883746"
"Agricultura, ganadería, silvicultura y otros usos de la tierra","Ganado","2015","78.6222807544419","20.4631738379405"
"Agricultura, ganadería, silvicultura y otros usos de la tierra","Ganado","2016","78.5813084775912","20.7263786784544"
"Agricultura, ganadería, silvicultura y otros usos de la tierra","Ganado","2017","80.3166630665186","20.762553362544"
"Agricultura, ganadería, silvicultura y otros usos de la tierra","Ganado","2018","80.6140075970224","20.8696668060624"
"Agricultura, ganadería, silvicultura y otros usos de la tierra","Ganado","2019","80.5869811981138","23.2240903574584"
"Agricultura, ganadería, silvicultura y otros usos de la tierra","Ganado","2020","79.8045522583317","20.3084830040246"
"Agricultura, ganadería, silvicultura y otros usos de la tierra","Ganado","2021","79.4398384808619","19.9421347091175"
"Agricultura, ganadería, silvicultura y otros usos de la tierra","Ganado","2022","78.7462911455083","19.6413685551356"
"Agricultura, ganadería, silvicultura y otros usos de la tierra","Tierra","1990","49.1698935742156","17.9569489100653"
"Agricultura, ganadería, silvicultura y otros usos de la tierra","Tierra","1991","72.8240995050326","23.9345373609641"
"Agricultura, ganadería, silvicultura y otros usos de la tierra","Tierra","1992","75.7646708855224","24.2741888561232"
"Agricultura, ganadería, silvicultura y otros usos de la tierra","Tierra","1993","67.6085969981508","21.8379503479368"
"Agricultura, ganadería, silvicultura y otros usos de la tierra","Tierra","1994","71.2336940510536","22.5524493188054"
"Agricultura, ganadería, silvicultura y otros usos de la tierra","Tierra","1995","76.4467909182005","23.7548286677773"
"Agricultura, ganadería, silvicultura y otros usos de la tierra","Tierra","1996","96.5181205150468","27.1496465617505"
"Agricultura, ganadería, silvicultura y otros usos de la tierra","Tierra","1997","92.6464857837076","26.2841038107741"
"Agricultura, ganadería, silvicultura y otros usos de la tierra","Tierra","1998","110.690826079372","29.3954633957515"
"Agricultura, ganadería, silvicultura y otros usos de la tierra","Tierra","1999","96.99757703368","26.3537871964762"
"Agricultura, ganadería, silvicultura y otros usos de la tierra","Tierra","2000","94.0105956198909","25.4443161334937"
"Agricultura, ganadería, silvicultura y otros usos de la tierra","Tierra","2001","91.6381979196253","24.9482356712321"
"Agricultura, ganadería, silvicultura y otros usos de la tierra","Tierra","2002","105.894906298236","28.5038429290141"
"Agricultura, ganadería, silvicultura y otros usos de la tierra","Tierra","2003","106.087249984952","27.4388630694549"
"Agricultura, ganadería, silvicultura y otros usos de la tierra","Tierra","2004","115.103782645073","28.4840980300121"
"Agricultura, ganadería, silvicultura y otros usos de la tierra","Tierra","2005","103.839877677618","25.9761919733524"
"Agricultura, ganadería, silvicultura y otros usos de la tierra","Tierra","2006","122.175478579162","28.5238973990279"
"Agricultura, ganadería, silvicultura y otros usos de la tierra","Tierra","2007","129.235457194294","28.7130658080265"
"Agricultura, ganadería, silvicultura y otros usos de la tierra","Tierra","2008","104.601129615275","24.3019930941422"
"Agricultura, ganadería, silvicultura y otros usos de la tierra","Tierra","2009","80.808933695143","20.9296516144472"
"Agricultura, ganadería, silvicultura y otros usos de la tierra","Tierra","2010","88.0931711075072","22.002623859059"
"Agricultura, ganadería, silvicultura y otros usos de la tierra","Tierra","2011","67.0623199281182","17.3662271617683"
"Agricultura, ganadería, silvicultura y otros usos de la tierra","Tierra","2012","104.458640024108","24.4918504302002"
"Agricultura, ganadería, silvicultura y otros usos de la tierra","Tierra","2013","99.4982177434649","23.2309149160967"
"Agricultura, ganadería, silvicultura y otros usos de la tierra","Tierra","2014","70.8688626321742","17.7228386356195"
"Agricultura, ganadería, silvicultura y otros usos de la tierra","Tierra","2015","49.375438475811","12.851041348072"
"Agricultura, ganadería, silvicultura y otros usos de la tierra","Tierra","2016","44.6770977312553","11.7839020979955"
"Agricultura, ganadería, silvicultura y otros usos de la tierra","Tierra","2017","51.5702039040305","13.3313445752586"
"Agricultura, ganadería, silvicultura y otros usos de la tierra","Tierra","2018","53.2625552857729","13.7888167973256"
"Agricultura, ganadería, silvicultura y otros usos de la tierra","Tierra","2019","24.895190979016","7.17446113710962"
"Agricultura, ganadería, silvicultura y otros usos de la tierra","Tierra","2020","85.4406932435868","21.7427554880907"
"Agricultura, ganadería, silvicultura y otros usos de la tierra","Tierra","2021","71.5194574171417","17.9538463497661"
"Agricultura, ganadería, silvicultura y otros usos de la tierra","Tierra","2022","65.2640942233182","16.2785587665154"
"Energía","Emisiones fugitivas provenientes de la fabricación de combustibles","1990","13.345153913716","4.87367837524099"
"Energía","Emisiones fugitivas provenientes de la fabricación de combustibles","1991","14.0377514821113","4.61367994381178"
"Energía","Emisiones fugitivas provenientes de la fabricación de combustibles","1992","14.7502023109651","4.72580679593249"
"Energía","Emisiones fugitivas provenientes de la fabricación de combustibles","1993","16.216182161232","5.23791642769586"
"Energía","Emisiones fugitivas provenientes de la fabricación de combustibles","1994","17.178975135162","5.43883019469814"
"Energía","Emisiones fugitivas provenientes de la fabricación de combustibles","1995","18.5431040485488","5.76202420469649"
"Energía","Emisiones fugitivas provenientes de la fabricación de combustibles","1996","20.7963773974453","5.84982688320579"
"Energía","Emisiones fugitivas provenientes de la fabricación de combustibles","1997","22.1008174269365","6.27007246565975"
"Energía","Emisiones fugitivas provenientes de la fabricación de combustibles","1998","22.9452957131285","6.09343722628211"
"Energía","Emisiones fugitivas provenientes de la fabricación de combustibles","1999","23.352326214787","6.34471761488948"
"Energía","Emisiones fugitivas provenientes de la fabricación de combustibles","2000","24.7024541974267","6.68581078258252"
"Energía","Emisiones fugitivas provenientes de la fabricación de combustibles","2001","25.7280595101377","7.00439016255402"
"Energía","Emisiones fugitivas provenientes de la fabricación de combustibles","2002","24.8617868872252","6.69207323695321"
"Energía","Emisiones fugitivas provenientes de la fabricación de combustibles","2003","26.7566814477654","6.92046328415903"
"Energía","Emisiones fugitivas provenientes de la fabricación de combustibles","2004","27.4561241130434","6.79441555080451"
"Energía","Emisiones fugitivas provenientes de la fabricación de combustibles","2005","26.7357111190288","6.68810460975417"
"Energía","Emisiones fugitivas provenientes de la fabricación de combustibles","2006","27.0908441921796","6.32480812989082"
"Energía","Emisiones fugitivas provenientes de la fabricación de combustibles","2007","26.9568346350801","5.98917188561867"
"Energía","Emisiones fugitivas provenientes de la fabricación de combustibles","2008","26.8800151484086","6.24503717034113"
"Energía","Emisiones fugitivas provenientes de la fabricación de combustibles","2009","25.2944326515245","6.55130118631084"
"Energía","Emisiones fugitivas provenientes de la fabricación de combustibles","2010","24.5885491005202","6.14136817073491"
"Energía","Emisiones fugitivas provenientes de la fabricación de combustibles","2011","23.9757026016241","6.20866528609649"
"Energía","Emisiones fugitivas provenientes de la fabricación de combustibles","2012","23.4118995797706","5.48926103826617"
"Energía","Emisiones fugitivas provenientes de la fabricación de combustibles","2013","22.6479930225495","5.28786958057604"
"Energía","Emisiones fugitivas provenientes de la fabricación de combustibles","2014","22.44297359073","5.61252409984916"
"Energía","Emisiones fugitivas provenientes de la fabricación de combustibles","2015","23.0389056704512","5.99638076187101"
"Energía","Emisiones fugitivas provenientes de la fabricación de combustibles","2016","23.5044719442412","6.19947154853464"
"Energía","Emisiones fugitivas provenientes de la fabricación de combustibles","2017","23.1268412280677","5.97848885613136"
"Energía","Emisiones fugitivas provenientes de la fabricación de combustibles","2018","24.1460065279022","6.25101177767201"
"Energía","Emisiones fugitivas provenientes de la fabricación de combustibles","2019","24.9975651730324","7.20396401085872"
"Energía","Emisiones fugitivas provenientes de la fabricación de combustibles","2020","22.9726106986926","5.84601831261781"
"Energía","Emisiones fugitivas provenientes de la fabricación de combustibles","2021","23.5055412064796","5.90070017908279"
"Energía","Emisiones fugitivas provenientes de la fabricación de combustibles","2022","25.1024076377298","6.26119189693453"
"Energía","Industrias de la energía","1990","22.6919501078374","8.28714807245109"
"Energía","Industrias de la energía","1991","27.4509064725652","9.02207855676318"
"Energía","Industrias de la energía","1992","26.1501650682489","8.37823273125"
"Energía","Industrias de la energía","1993","25.0509168117419","8.09158452911067"
"Energía","Industrias de la energía","1994","22.8334177459445","7.22901575371704"
"Energía","Industrias de la energía","1995","25.2830686949022","7.85637902950948"
"Energía","Industrias de la energía","1996","28.9720751573332","8.14957436473747"
"Energía","Industrias de la energía","1997","29.1739275821176","8.27673639911803"
"Energía","Industrias de la energía","1998","31.9982598531476","8.49757572110336"
"Energía","Industrias de la energía","1999","36.4288354769425","9.89754391124054"
"Energía","Industrias de la energía","2000","36.2137185629526","9.80137714700508"
"Energía","Industrias de la energía","2001","30.3049924511807","8.25044698445614"
"Energía","Industrias de la energía","2002","28.033051438262","7.54568584032551"
"Energía","Industrias de la energía","2003","31.2025559729974","8.07036341201722"
"Energía","Industrias de la energía","2004","37.6624448677684","9.32011743672579"
"Energía","Industrias de la energía","2005","38.4505825167344","9.6186526340372"
"Energía","Industrias de la energía","2006","41.7282674486881","9.74215802702481"
"Energía","Industrias de la energía","2007","47.476588704456","10.5481765252875"
"Energía","Industrias de la energía","2008","51.1124737280741","11.8749672028665"
"Energía","Industrias de la energía","2009","50.4053062057301","13.0550602534293"
"Energía","Industrias de la energía","2010","52.4154268816916","13.0915587166505"
"Energía","Industrias de la energía","2011","58.1052648986927","15.0467390720602"
"Energía","Industrias de la energía","2012","59.4975904704634","13.9500771446343"
"Energía","Industrias de la energía","2013","59.1408239154947","13.8082417917375"
"Energía","Industrias de la energía","2014","60.0243894942759","15.0108599136126"
"Energía","Industrias de la energía","2015","63.028117429518","16.4044506374294"
"Energía","Industrias de la energía","2016","64.2570257915015","16.9482473008917"
"Energía","Industrias de la energía","2017","60.4792716036439","15.6344157744511"
"Energía","Industrias de la energía","2018","59.5907228500608","15.4270773490129"
"Energía","Industrias de la energía","2019","53.8189399230345","15.5098988091197"
"Energía","Industrias de la energía","2020","54.8555967367874","13.959528905049"
"Energía","Industrias de la energía","2021","56.8542268868166","14.2723685375163"
"Energía","Industrias de la energía","2022","55.3759881839368","13.8122085142493"
"Energía","Industrias manufactureras y de la construcción","1990","20.7668044176368","7.58408080322494"
"Energía","Industrias manufactureras y de la construcción","1991","18.3693922820575","6.0373270505422"
"Energía","Industrias manufactureras y de la construcción","1992","20.50604697444","6.56991776156724"
"Energía","Industrias manufactureras y de la construcción","1993","17.8120499311896","5.75339053409034"
"Energía","Industrias manufactureras y de la construcción","1994","20.780711470095","6.57913292973613"
"Energía","Industrias manufactureras y de la construcción","1995","20.3958519398718","6.33774109476264"
"Energía","Industrias manufactureras y de la construcción","1996","21.7858329311755","6.12815149091668"
"Energía","Industrias manufactureras y de la construcción","1997","22.0706660158004","6.26151841405555"
"Energía","Industrias manufactureras y de la construcción","1998","24.201004053939","6.42690775744941"
"Energía","Industrias manufactureras y de la construcción","1999","23.4789381467334","6.37911748355724"
"Energía","Industrias manufactureras y de la construcción","2000","23.0726485674734","6.24469784833042"
"Energía","Industrias manufactureras y de la construcción","2001","21.9850658793762","5.98537091800204"
"Energía","Industrias manufactureras y de la construcción","2002","21.7940181771609","5.86631871758145"
"Energía","Industrias manufactureras y de la construcción","2003","23.9599783788051","6.19711196186526"
"Energía","Industrias manufactureras y de la construcción","2004","25.0985563432869","6.21100126221236"
"Energía","Industrias manufactureras y de la construcción","2005","26.1411415143299","6.53936932097494"
"Energía","Industrias manufactureras y de la construcción","2006","27.9104171594818","6.51615106958881"
"Energía","Industrias manufactureras y de la construcción","2007","28.2871671889396","6.28474035417063"
"Energía","Industrias manufactureras y de la construcción","2008","29.7624414382975","6.91471161887621"
"Energía","Industrias manufactureras y de la construcción","2009","24.1886371966999","6.26489827801819"
"Energía","Industrias manufactureras y de la construcción","2010","32.1381395154332","8.0269944468803"
"Energía","Industrias manufactureras y de la construcción","2011","32.2593235904384","8.35376321840682"
"Energía","Industrias manufactureras y de la construcción","2012","31.7620492760959","7.44707532136408"
"Energía","Industrias manufactureras y de la construcción","2013","33.8300391945673","7.89866170430803"
"Energía","Industrias manufactureras y de la construcción","2014","32.7336330663455","8.18600546481806"
"Energía","Industrias manufactureras y de la construcción","2015","33.701820788415","8.77163840619684"
"Energía","Industrias manufactureras y de la construcción","2016","32.29874577278","8.51902378180263"
"Energía","Industrias manufactureras y de la construcción","2017","33.0979407934452","8.55610449534101"
"Energía","Industrias manufactureras y de la construcción","2018","31.5492000961045","8.16757922884626"
"Energía","Industrias manufactureras y de la construcción","2019","27.9164170787967","8.04513809867895"
"Energía","Industrias manufactureras y de la construcción","2020","24.7232798367854","6.29152465818992"
"Energía","Industrias manufactureras y de la construcción","2021","29.9498171439019","7.51843532689229"
"Energía","Industrias manufactureras y de la construcción","2022","28.029517142771","6.99128896885272"
"Energía","Otros sectores","1990","22.7852080805591","8.32120608091703"
"Energía","Otros sectores","1991","21.8475961811591","7.18048160704099"
"Energía","Otros sectores","1992","22.69057111265","7.26981589181574"
"Energía","Otros sectores","1993","25.4892170655368","8.2331579325659"
"Energía","Otros sectores","1994","25.812537561688","8.17219930686887"
"Energía","Otros sectores","1995","25.7106835586869","7.98925468986085"
"Energía","Otros sectores","1996","27.268623705329","7.67040936846297"
"Energía","Otros sectores","1997","27.6723681846789","7.85073920401164"
"Energía","Otros sectores","1998","28.2498118261243","7.50212405928065"
"Energía","Otros sectores","1999","29.2896253644889","7.95785397456095"
"Energía","Otros sectores","2000","29.2573413631954","7.91860787565498"
"Energía","Otros sectores","2001","30.1740700517496","8.21480373797376"
"Energía","Otros sectores","2002","28.7778850804349","7.74617349253561"
"Energía","Otros sectores","2003","30.171060166325","7.80357289572035"
"Energía","Otros sectores","2004","31.5478914592989","7.80698264050765"
"Energía","Otros sectores","2005","33.0637409710785","8.27110067953266"
"Energía","Otros sectores","2006","33.7406952530758","7.87732645505473"
"Energía","Otros sectores","2007","38.636791811505","8.58418246802737"
"Energía","Otros sectores","2008","36.9466297949671","8.58381496864831"
"Energía","Otros sectores","2009","35.1951453001989","9.11560264403395"
"Energía","Otros sectores","2010","29.4590444526238","7.35784926560719"
"Energía","Otros sectores","2011","31.521437569574","8.16268279841001"
"Energía","Otros sectores","2012","32.5389444542747","7.62922971758738"
"Energía","Otros sectores","2013","33.8047031744519","7.89274623224269"
"Energía","Otros sectores","2014","32.8128668974338","8.20582020927288"
"Energía","Otros sectores","2015","33.0039336328828","8.58999795967348"
"Energía","Otros sectores","2016","34.755639607754","9.16704699473949"
"Energía","Otros sectores","2017","31.8536160576414","8.23443576881457"
"Energía","Otros sectores","2018","31.8333498752321","8.24114102524091"
"Energía","Otros sectores","2019","31.6018018770744","9.10721671590363"
"Energía","Otros sectores","2020","31.4305811144628","7.99838360477794"
"Energía","Otros sectores","2021","33.9015935613685","8.51046727414277"
"Energía","Otros sectores","2022","35.8988931721533","8.95411556860255"
"Energía","Transporte","1990","22.7312148187365","8.30148762774259"
"Energía","Transporte","1991","26.3332428794518","8.65474464933171"
"Energía","Transporte","1992","27.5298325165808","8.82026340079593"
"Energía","Transporte","1993","29.0475774993418","9.38252801157557"
"Energía","Transporte","1994","32.2829168958274","10.2207088493059"
"Energía","Transporte","1995","31.8848624105906","9.90779906601555"
"Energía","Transporte","1996","39.5886267321262","11.1359112455441"
"Energía","Transporte","1997","38.4481431242171","10.9078609583499"
"Energía","Transporte","1998","40.1328259091112","10.6578210386958"
"Energía","Transporte","1999","37.585000734485","10.2116685944855"
"Energía","Transporte","2000","34.1492416865831","9.24261882889994"
"Energía","Transporte","2001","35.5641888915108","9.6822480806512"
"Energía","Transporte","2002","32.7275788078275","8.80931669326939"
"Energía","Transporte","2003","34.0559014323768","8.80836496602929"
"Energía","Transporte","2004","36.7478114705165","9.09377815620725"
"Energía","Transporte","2005","37.9733474959088","9.49926932201272"
"Energía","Transporte","2006","40.8707384662035","9.54195362432844"
"Energía","Transporte","2007","44.2467370317298","9.8305797786785"
"Energía","Transporte","2008","46.353418980236","10.7692954377337"
"Energía","Transporte","2009","42.5201155547421","11.0127824297758"
"Energía","Transporte","2010","52.0595328953173","13.002668721916"
"Energía","Transporte","2011","52.9848365435519","13.7207705986127"
"Energía","Transporte","2012","51.9066322553128","12.170266368001"
"Energía","Transporte","2013","52.2876597541649","12.2081601304924"
"Energía","Transporte","2014","50.5276361990981","12.6359180849807"
"Energía","Transporte","2015","51.7734647399068","13.4751803051114"
"Energía","Transporte","2016","50.3119970382345","13.2701468439037"
"Energía","Transporte","2017","50.8031180423394","13.13304623306"
"Energía","Transporte","2018","50.7095780870928","13.1278921629089"
"Energía","Transporte","2019","50.8343937798268","14.6497925205436"
"Energía","Transporte","2020","39.720863454245","10.108076012437"
"Energía","Transporte","2021","48.6887840401943","12.2225612327573"
"Energía","Transporte","2022","55.9598787912097","13.9578459842367"
"Procesos industriales y uso de productos","Industria de los metales","1990","4.95000822592859","1.8077534514741"
"Procesos industriales y uso de productos","Industria de los metales","1991","3.859613627495","1.26850956199989"
"Procesos industriales y uso de productos","Industria de los metales","1992","3.41276326895438","1.09341278914826"
"Procesos industriales y uso de productos","Industria de los metales","1993","3.43821287640599","1.11056175419"
"Procesos industriales y uso de productos","Industria de los metales","1994","4.29064233257931","1.35840903717929"
"Procesos industriales y uso de productos","Industria de los metales","1995","4.71542675852393","1.46525646660624"
"Procesos industriales y uso de productos","Industria de los metales","1996","5.33657763518204","1.50112948606316"
"Procesos industriales y uso de productos","Industria de los metales","1997","5.64669563277197","1.60198557931404"
"Procesos industriales y uso de productos","Industria de los metales","1998","5.79316750025354","1.53845489487133"
"Procesos industriales y uso de productos","Industria de los metales","1999","5.24813018046703","1.4258923798417"
"Procesos industriales y uso de productos","Industria de los metales","2000","5.90429532996979","1.59801941398907"
"Procesos industriales y uso de productos","Industria de los metales","2001","5.39818121725005","1.46963930174723"
"Procesos industriales y uso de productos","Industria de los metales","2002","5.92093652517682","1.59374469090129"
"Procesos industriales y uso de productos","Industria de los metales","2003","6.49687622554864","1.68038003772662"
"Procesos industriales y uso de productos","Industria de los metales","2004","6.4985943892849","1.60817129887435"
"Procesos industriales y uso de productos","Industria de los metales","2005","7.07753654785257","1.770489836633"
"Procesos industriales y uso de productos","Industria de los metales","2006","6.76701784758045","1.57987286013953"
"Procesos industriales y uso de productos","Industria de los metales","2007","6.94828281977944","1.54374431126255"
"Procesos industriales y uso de productos","Industria de los metales","2008","7.04273810647448","1.63624019603705"
"Procesos industriales y uso de productos","Industria de los metales","2009","5.50427196146975","1.42561582336107"
"Procesos industriales y uso de productos","Industria de los metales","2010","7.08434033608715","1.7694229160426"
"Procesos industriales y uso de productos","Industria de los metales","2011","7.72311592302198","1.99995147289312"
"Procesos industriales y uso de productos","Industria de los metales","2012","6.47402840434461","1.5179303054633"
"Procesos industriales y uso de productos","Industria de los metales","2013","7.14075116486917","1.667227680156"
"Procesos industriales y uso de productos","Industria de los metales","2014","7.62564429227438","1.90701611772805"
"Procesos industriales y uso de productos","Industria de los metales","2015","7.15379683979325","1.86193260904261"
"Procesos industriales y uso de productos","Industria de los metales","2016","5.74733172243717","1.51589959467137"
"Procesos industriales y uso de productos","Industria de los metales","2017","6.19893174054182","1.60247756990567"
"Procesos industriales y uso de productos","Industria de los metales","2018","6.58439957344295","1.70459488756157"
"Procesos industriales y uso de productos","Industria de los metales","2019","5.74722504108252","1.65627340389656"
"Procesos industriales y uso de productos","Industria de los metales","2020","4.91513603638732","1.2507927659856"
"Procesos industriales y uso de productos","Industria de los metales","2021","5.79704099823025","1.45525689265891"
"Procesos industriales y uso de productos","Industria de los metales","2022","6.03535107041973","1.50537318023908"
"Procesos industriales y uso de productos","Industria de los minerales","1990","2.68242462259424","0.979627133630507"
"Procesos industriales y uso de productos","Industria de los minerales","1991","3.13983954796382","1.0319469444724"
"Procesos industriales y uso de productos","Industria de los minerales","1992","3.59282239754027","1.15110180490558"
"Procesos industriales y uso de productos","Industria de los minerales","1993","4.00628520439605","1.29405225456265"
"Procesos industriales y uso de productos","Industria de los minerales","1994","4.46593463887367","1.41390624122499"
"Procesos industriales y uso de productos","Industria de los minerales","1995","3.95922137939993","1.23027565180705"
"Procesos industriales y uso de productos","Industria de los minerales","1996","4.0624584995809","1.14273166372118"
"Procesos industriales y uso de productos","Industria de los minerales","1997","4.86907894272673","1.3813732416388"
"Procesos industriales y uso de productos","Industria de los minerales","1998","5.08014893350842","1.34910305857535"
"Procesos industriales y uso de productos","Industria de los minerales","1999","4.96655609642615","1.3493900205273"
"Procesos industriales y uso de productos","Industria de los minerales","2000","3.50616849612514","0.948957498295316"
"Procesos industriales y uso de productos","Industria de los minerales","2001","3.66045231578218","0.996547609082607"
"Procesos industriales y uso de productos","Industria de los minerales","2002","2.85549140136697","0.768615613677261"
"Procesos industriales y uso de productos","Industria de los minerales","2003","3.44240038200194","0.890357255234621"
"Procesos industriales y uso de productos","Industria de los minerales","2004","4.63992373049045","1.148216325771"
"Procesos industriales y uso de productos","Industria de los minerales","2005","5.40429888395779","1.35191901638113"
"Procesos industriales y uso de productos","Industria de los minerales","2006","6.07586942612288","1.41851276652318"
"Procesos industriales y uso de productos","Industria de los minerales","2007","6.78939928828068","1.50844414368643"
"Procesos industriales y uso de productos","Industria de los minerales","2008","6.63439603601848","1.54137003342248"
"Procesos industriales y uso de productos","Industria de los minerales","2009","6.27118722448582","1.62424818415032"
"Procesos industriales y uso de productos","Industria de los minerales","2010","6.90093857188654","1.72361550575118"
"Procesos industriales y uso de productos","Industria de los minerales","2011","7.36756265255304","1.90787862379259"
"Procesos industriales y uso de productos","Industria de los minerales","2012","7.39986796171052","1.73500688195459"
"Procesos industriales y uso de productos","Industria de los minerales","2013","7.61567006789244","1.77811208470509"
"Procesos industriales y uso de productos","Industria de los minerales","2014","7.38732904686786","1.84741839763101"
"Procesos industriales y uso de productos","Industria de los minerales","2015","7.79539487016866","2.02892257554661"
"Procesos industriales y uso de productos","Industria de los minerales","2016","7.03835365898281","1.85641580720895"
"Procesos industriales y uso de productos","Industria de los minerales","2017","7.5396034382838","1.9490528209587"
"Procesos industriales y uso de productos","Industria de los minerales","2018","7.40981298778722","1.91828111217814"
"Procesos industriales y uso de productos","Industria de los minerales","2019","7.02423695787427","2.02429116187924"
"Procesos industriales y uso de productos","Industria de los minerales","2020","6.12786924600294","1.55940638612308"
"Procesos industriales y uso de productos","Industria de los minerales","2021","7.77926033965474","1.95286219858144"
"Procesos industriales y uso de productos","Industria de los minerales","2022","8.36672574417712","2.08687852533228"
"Procesos industriales y uso de productos","Industria química","1990","0.7691103425712","0.280880720372276"
"Procesos industriales y uso de productos","Industria química","1991","0.7691103425712","0.252777588107384"
"Procesos industriales y uso de productos","Industria química","1992","0.7551339141808","0.241936816068067"
"Procesos industriales y uso de productos","Industria química","1993","0.7915124709024","0.255662900974149"
"Procesos industriales y uso de productos","Industria química","1994","0.7773322117392","0.246101869945968"
"Procesos industriales y uso de productos","Industria química","1995","0.8351751043632","0.259519611921571"
"Procesos industriales y uso de productos","Industria química","1996","0.8096621129488","0.227750396336956"
"Procesos industriales y uso de productos","Industria química","1997","0.8472352236688","0.240363337936464"
"Procesos industriales y uso de productos","Industria química","1998","0.7864096888896","0.208841852957556"
"Procesos industriales y uso de productos","Industria química","1999","0.792704374256","0.215374064257344"
"Procesos industriales y uso de productos","Industria química","2000","1.0925053495952","0.295690621991462"
"Procesos industriales y uso de productos","Industria química","2001","1.8639852874592","0.507464630415679"
"Procesos industriales y uso de productos","Industria química","2002","1.9180387099488","0.516280490075473"
"Procesos industriales y uso de productos","Industria química","2003","2.4498499114176","0.633639728333414"
"Procesos industriales y uso de productos","Industria química","2004","2.54141674764","0.628910380800512"
"Procesos industriales y uso de productos","Industria química","2005","2.4604680750304","0.615501409388416"
"Procesos industriales y uso de productos","Industria química","2006","2.4813558131648","0.579313782506159"
"Procesos industriales y uso de productos","Industria química","2007","2.1820746764352","0.484805448463862"
"Procesos industriales y uso de productos","Industria química","2008","1.9570205223664","0.45467481464653"
"Procesos industriales y uso de productos","Industria química","2009","2.0770412993248","0.537957238090614"
"Procesos industriales y uso de productos","Industria química","2010","2.0486069047536","0.511671070455123"
"Procesos industriales y uso de productos","Industria química","2011","2.1991812409966","0.569492392180627"
"Procesos industriales y uso de productos","Industria química","2012","2.215780855584","0.51952211218277"
"Procesos industriales y uso de productos","Industria química","2013","2.457994843728","0.573894391013852"
"Procesos industriales y uso de productos","Industria química","2014","2.9991651713856","0.750029256853142"
"Procesos industriales y uso de productos","Industria química","2015","3.0400154346656","0.79123072636213"
"Procesos industriales y uso de productos","Industria química","2016","2.8407004366464","0.74925493228169"
"Procesos industriales y uso de productos","Industria química","2017","2.8651466941408","0.740665247500969"
"Procesos industriales y uso de productos","Industria química","2018","2.6146691378048","0.67689568278077"
"Procesos industriales y uso de productos","Industria química","2019","2.6175254241632","0.754335825215569"
"Procesos industriales y uso de productos","Industria química","2020","2.523972625728","0.642294878195611"
"Procesos industriales y uso de productos","Industria química","2021","2.465628307512","0.618957601013545"
"Procesos industriales y uso de productos","Industria química","2022","2.7235382177312","0.679321109988646"
"Procesos industriales y uso de productos","Otros","1990","0.116624507405472","0.0425915162492804"
"Procesos industriales y uso de productos","Otros","1991","0.119688807122016","0.0393372008060759"
"Procesos industriales y uso de productos","Otros","1992","0.129101188710912","0.0413626377530732"
"Procesos industriales y uso de productos","Otros","1993","0.147822396135744","0.0477474506269332"
"Procesos industriales y uso de productos","Otros","1994","0.122232939978864","0.0386987116235501"
"Procesos industriales y uso de productos","Otros","1995","0.112002232755072","0.0348032117182281"
"Procesos industriales y uso de productos","Otros","1996","0.118004696073792","0.0331936197465716"
"Procesos industriales y uso de productos","Otros","1997","0.126070511001512","0.0357666064784919"
"Procesos industriales y uso de productos","Otros","1998","0.149753976445753","0.0397692174582093"
"Procesos industriales y uso de productos","Otros","1999","0.168960240800454","0.0459057057597885"
"Procesos industriales y uso de productos","Otros","2000","0.207398539285421","0.0561331833332894"
"Procesos industriales y uso de productos","Otros","2001","0.254677411793573","0.0693351924613171"
"Procesos industriales y uso de productos","Otros","2002","0.31908138193199","0.0858874700407922"
"Procesos industriales y uso de productos","Otros","2003","0.406398853544129","0.105112749133968"
"Procesos industriales y uso de productos","Otros","2004","0.508061757730625","0.125727240060593"
"Procesos industriales y uso de productos","Otros","2005","0.599607778794456","0.149995619400055"
"Procesos industriales y uso de productos","Otros","2006","0.712487314909071","0.166342013183991"
"Procesos industriales y uso de productos","Otros","2007","0.806538379173329","0.179193775923944"
"Procesos industriales y uso de productos","Otros","2008","0.903737719043607","0.209965493564864"
"Procesos industriales y uso de productos","Otros","2009","0.981222554162478","0.254138314611779"
"Procesos industriales y uso de productos","Otros","2010","1.1668044036057","0.291427338656016"
"Procesos industriales y uso de productos","Otros","2011","1.27674205494045","0.330620720798867"
"Procesos industriales y uso de productos","Otros","2012","1.57925960190039","0.370280428227622"
"Procesos industriales y uso de productos","Otros","2013","2.08540382491736","0.486901573928339"
"Procesos industriales y uso de productos","Otros","2014","2.76625860710832","0.691784136181644"
"Procesos industriales y uso de productos","Otros","2015","3.54080030722933","0.921570978569879"
"Procesos industriales y uso de productos","Otros","2016","4.29399825204343","1.13257256134712"
"Procesos industriales y uso de productos","Otros","2017","4.76264714904156","1.2311855573114"
"Procesos industriales y uso de productos","Otros","2018","5.19441622270271","1.34475060912137"
"Procesos industriales y uso de productos","Otros","2019","5.39039666473078","1.55344023740624"
"Procesos industriales y uso de productos","Otros","2020","5.54278234138743","1.4105147863081"
"Procesos industriales y uso de productos","Otros","2021","6.08659439435429","1.52794476490803"
"Procesos industriales y uso de productos","Otros","2022","6.51805063107988","1.62577097719448"
"Residuos","Aguas residuales","1990","5.16587491899279","1.88658842338405"
"Residuos","Aguas residuales","1991","5.30248851070212","1.74272816592414"
"Residuos","Aguas residuales","1992","5.33424048850965","1.70903350478098"
"Residuos","Aguas residuales","1993","5.35115493226252","1.72845260667164"
"Residuos","Aguas residuales","1994","5.44288860221759","1.72320797039446"
"Residuos","Aguas residuales","1995","5.57917576158523","1.73365503943371"
"Residuos","Aguas residuales","1996","5.72425008322862","1.61017812781072"
"Residuos","Aguas residuales","1997","5.85237905882858","1.66033862397511"
"Residuos","Aguas residuales","1998","5.69578052934496","1.51259245224655"
"Residuos","Aguas residuales","1999","5.73486997596951","1.55813730165325"
"Residuos","Aguas residuales","2000","5.89029651992629","1.59423058416738"
"Residuos","Aguas residuales","2001","6.14739499443876","1.67361059653232"
"Residuos","Aguas residuales","2002","6.19057782575095","1.66632432241911"
"Residuos","Aguas residuales","2003","6.61437697403725","1.71077093718715"
"Residuos","Aguas residuales","2004","6.87498627921549","1.70131492321156"
"Residuos","Aguas residuales","2005","7.14434724158419","1.78720294767531"
"Residuos","Aguas residuales","2006","7.4648822193896","1.74280090405976"
"Residuos","Aguas residuales","2007","7.51917027049626","1.67058201739427"
"Residuos","Aguas residuales","2008","7.55030396140418","1.75416303249869"
"Residuos","Aguas residuales","2009","7.64589045637747","1.98029866521831"
"Residuos","Aguas residuales","2010","7.97930121917807","1.9929531560335"
"Residuos","Aguas residuales","2011","8.25600397068618","2.13794632450945"
"Residuos","Aguas residuales","2012","8.26936792581771","1.93887381976904"
"Residuos","Aguas residuales","2013","8.17436218300817","1.90855591862391"
"Residuos","Aguas residuales","2014","8.1919626167891","2.04864063248656"
"Residuos","Aguas residuales","2015","8.34256073784521","2.17133449950775"
"Residuos","Aguas residuales","2016","8.36697857764382","2.20685007356698"
"Residuos","Aguas residuales","2017","8.46077498578504","2.18718364812232"
"Residuos","Aguas residuales","2018","8.56123778085187","2.21636642637838"
"Residuos","Aguas residuales","2019","8.80255575107362","2.53677885807545"
"Residuos","Aguas residuales","2020","8.58054605715555","2.18355806574682"
"Residuos","Aguas residuales","2021","8.78345936302536","2.2049507297489"
"Residuos","Aguas residuales","2022","8.91407759482655","2.22340228120131"
"Residuos","Residuos sólidos","1990","6.63441298714074","2.42290162533182"
"Residuos","Residuos sólidos","1991","6.80989073026282","2.23815447379881"
"Residuos","Residuos sólidos","1992","7.01100473094427","2.246250804247"
"Residuos","Residuos sólidos","1993","7.24574978075057","2.34041720981036"
"Residuos","Residuos sólidos","1994","7.49895359471347","2.37415415754854"
"Residuos","Residuos sólidos","1995","7.77895435381488","2.41720712759623"
"Residuos","Residuos sólidos","1996","8.0603302008996","2.26729566383663"
"Residuos","Residuos sólidos","1997","8.36480202071289","2.37312103971518"
"Residuos","Residuos sólidos","1998","8.69488255845579","2.3090450313757"
"Residuos","Residuos sólidos","1999","9.02195016805835","2.45122158818117"
"Residuos","Residuos sólidos","2000","9.33142595246783","2.52558501885125"
"Residuos","Residuos sólidos","2001","9.63596674855132","2.62336421733071"
"Residuos","Residuos sólidos","2002","9.94208444967074","2.67612129276826"
"Residuos","Residuos sólidos","2003","10.149127388501","2.62501400240874"
"Residuos","Residuos sólidos","2004","10.3460881927005","2.56028936265934"
"Residuos","Residuos sólidos","2005","10.6237008273334","2.65758491179114"
"Residuos","Residuos sólidos","2006","10.7936154225622","2.51994903116543"
"Residuos","Residuos sólidos","2007","10.7923737183101","2.39781050437863"
"Residuos","Residuos sólidos","2008","10.4733377434535","2.43327182459853"
"Residuos","Residuos sólidos","2009","10.0355643229347","2.59922827129226"
"Residuos","Residuos sólidos","2010","10.2078000309479","2.54955499598649"
"Residuos","Residuos sólidos","2011","10.3388554121985","2.67731435287905"
"Residuos","Residuos sólidos","2012","10.8911590668679","2.55359096017032"
"Residuos","Residuos sólidos","2013","11.3542759179993","2.65100444778823"
"Residuos","Residuos sólidos","2014","11.9685551141531","2.99308840457323"
"Residuos","Residuos sólidos","2015","12.4151540967804","3.2313162893444"
"Residuos","Residuos sólidos","2016","12.8491002520459","3.38904152477014"
"Residuos","Residuos sólidos","2017","13.1405850222935","3.39695509404386"
"Residuos","Residuos sólidos","2018","13.4805862428036","3.48990642723105"
"Residuos","Residuos sólidos","2019","13.7910775013041","3.97440411906749"
"Residuos","Residuos sólidos","2020","14.0454023344135","3.57424240248582"
"Residuos","Residuos sólidos","2021","14.197257879426","3.56400056377005"
"Residuos","Residuos sólidos","2022","14.4003191644901","3.59181330202198"
