"anio","sector","valor"
"1935","agricultura_ganaderia_caza_y_silvicultura","25.7423312883436"
"1935","pesca","0.122699386503067"
"1935","explotacion_de_minas_y_canteras","1.22699386503067"
"1935","industria_manufacturera","14.8220858895705"
"1935","electricidad_gas_y_agua","2.1840490797546"
"1935","construccion","2.02453987730061"
"1935","comercio_mayorista_minorista_hoteles_restaurantes","13.3865030674847"
"1935","transporte_almacenamiento_y_comunicaciones","10.2576687116564"
"1935","intermediacion_financiera","1.93865030674847"
"1935","actividades_inmobiliarias_empresariales_y_de_alquiler","11.0429447852761"
"1935","administracion_publica_y_defensa_planes_de_seguridad_social_de_afiliacion_obligatoria","8.24539877300614"
"1935","otros_servicios","9.00613496932515"
"1936","agricultura_ganaderia_caza_y_silvicultura","25.6168942958797"
"1936","pesca","0.126248134970733"
"1936","explotacion_de_minas_y_canteras","1.2165729369907"
"1936","industria_manufacturera","15.7121542522667"
"1936","electricidad_gas_y_agua","2.11178698496499"
"1936","construccion","2.20360381039826"
"1936","comercio_mayorista_minorista_hoteles_restaurantes","13.2101457592104"
"1936","transporte_almacenamiento_y_comunicaciones","10.3293928612418"
"1936","intermediacion_financiera","1.83633650866521"
"1936","actividades_inmobiliarias_empresariales_y_de_alquiler","10.3982554803168"
"1936","administracion_publica_y_defensa_planes_de_seguridad_social_de_afiliacion_obligatoria","8.35533111442672"
"1936","otros_servicios","8.88327786066797"
"1937","agricultura_ganaderia_caza_y_silvicultura","28.5828662930344"
"1937","pesca","0.100080064051241"
"1937","explotacion_de_minas_y_canteras","1.29103282626101"
"1937","industria_manufacturera","14.9319455564452"
"1937","electricidad_gas_y_agua","1.88150520416333"
"1937","construccion","2.56204963971177"
"1937","comercio_mayorista_minorista_hoteles_restaurantes","14.0912730184147"
"1937","transporte_almacenamiento_y_comunicaciones","9.15732586068855"
"1937","intermediacion_financiera","1.81144915932746"
"1937","actividades_inmobiliarias_empresariales_y_de_alquiler","9.69775820656525"
"1937","administracion_publica_y_defensa_planes_de_seguridad_social_de_afiliacion_obligatoria","7.83626901521217"
"1937","otros_servicios","8.0564451561249"
"1938","agricultura_ganaderia_caza_y_silvicultura","24.1393235739526"
"1938","pesca","0.100959111559818"
"1938","explotacion_de_minas_y_canteras","1.32256436143362"
"1938","industria_manufacturera","16.113074204947"
"1938","electricidad_gas_y_agua","1.9989904088844"
"1938","construccion","3.05906108026249"
"1938","comercio_mayorista_minorista_hoteles_restaurantes","14.0737001514387"
"1938","transporte_almacenamiento_y_comunicaciones","9.17718324078748"
"1938","intermediacion_financiera","1.94851085310449"
"1938","actividades_inmobiliarias_empresariales_y_de_alquiler","11.0550227158001"
"1938","administracion_publica_y_defensa_planes_de_seguridad_social_de_afiliacion_obligatoria","8.71277132761232"
"1938","otros_servicios","8.29883897021706"
"1939","agricultura_ganaderia_caza_y_silvicultura","23.2393684006587"
"1939","pesca","0.1065581710743"
"1939","explotacion_de_minas_y_canteras","1.5305628208854"
"1939","industria_manufacturera","16.952436307275"
"1939","electricidad_gas_y_agua","2.0149181439504"
"1939","construccion","2.8964448319287"
"1939","comercio_mayorista_minorista_hoteles_restaurantes","14.0753656882689"
"1939","transporte_almacenamiento_y_comunicaciones","8.94119926377991"
"1939","intermediacion_financiera","2.0149181439504"
"1939","actividades_inmobiliarias_empresariales_y_de_alquiler","11.2951661338758"
"1939","administracion_publica_y_defensa_planes_de_seguridad_social_de_afiliacion_obligatoria","8.80557977332171"
"1939","otros_servicios","8.12748232103071"
"1940","agricultura_ganaderia_caza_y_silvicultura","23.1561053923883"
"1940","pesca","0.10388138634432"
"1940","explotacion_de_minas_y_canteras","1.56766455755973"
"1940","industria_manufacturera","16.6776843894608"
"1940","electricidad_gas_y_agua","2.00207762772689"
"1940","construccion","2.66314099537256"
"1940","comercio_mayorista_minorista_hoteles_restaurantes","14.9117008216073"
"1940","transporte_almacenamiento_y_comunicaciones","8.57493625460383"
"1940","intermediacion_financiera","2.0304089149117"
"1940","actividades_inmobiliarias_empresariales_y_de_alquiler","11.2852960619511"
"1940","administracion_publica_y_defensa_planes_de_seguridad_social_de_afiliacion_obligatoria","8.91491170082161"
"1940","otros_servicios","8.11219189725186"
"1941","agricultura_ganaderia_caza_y_silvicultura","23.827278245036"
"1941","pesca","0.11272002080985"
"1941","explotacion_de_minas_y_canteras","1.58675106216943"
"1941","industria_manufacturera","17.9051417671031"
"1941","electricidad_gas_y_agua","1.81219110378913"
"1941","construccion","2.85268360357236"
"1941","comercio_mayorista_minorista_hoteles_restaurantes","14.662273476112"
"1941","transporte_almacenamiento_y_comunicaciones","8.32393999826584"
"1941","intermediacion_financiera","2.05497268707188"
"1941","actividades_inmobiliarias_empresariales_y_de_alquiler","10.6823896644412"
"1941","administracion_publica_y_defensa_planes_de_seguridad_social_de_afiliacion_obligatoria","8.29792768577127"
"1941","otros_servicios","7.88173068585797"
"1942","agricultura_ganaderia_caza_y_silvicultura","23.3205157204252"
"1942","pesca","0.0980170398853955"
"1942","explotacion_de_minas_y_canteras","1.56827263816633"
"1942","industria_manufacturera","19.6184875216768"
"1942","electricidad_gas_y_agua","1.56073286586745"
"1942","construccion","2.85757370127422"
"1942","comercio_mayorista_minorista_hoteles_restaurantes","15.6299479755711"
"1942","transporte_almacenamiento_y_comunicaciones","8.59534042071929"
"1942","intermediacion_financiera","1.97542034230566"
"1942","actividades_inmobiliarias_empresariales_y_de_alquiler","9.63582899796426"
"1942","administracion_publica_y_defensa_planes_de_seguridad_social_de_afiliacion_obligatoria","7.71318706175074"
"1942","otros_servicios","7.42667571439342"
"1943","agricultura_ganaderia_caza_y_silvicultura","21.6601353758461"
"1943","pesca","0.121125757035981"
"1943","explotacion_de_minas_y_canteras","1.49625935162095"
"1943","industria_manufacturera","21.4535090844318"
"1943","electricidad_gas_y_agua","1.53188457427859"
"1943","construccion","2.96401852511578"
"1943","comercio_mayorista_minorista_hoteles_restaurantes","15.3900961881012"
"1943","transporte_almacenamiento_y_comunicaciones","9.09868186676167"
"1943","intermediacion_financiera","2.01638760242252"
"1943","actividades_inmobiliarias_empresariales_y_de_alquiler","8.9561809761311"
"1943","administracion_publica_y_defensa_planes_de_seguridad_social_de_afiliacion_obligatoria","7.68079800498753"
"1943","otros_servicios","7.63092269326683"
"1944","agricultura_ganaderia_caza_y_silvicultura","22.2623195619711"
"1944","pesca","0.130662020905923"
"1944","explotacion_de_minas_y_canteras","1.37506222000995"
"1944","industria_manufacturera","23.0960676953708"
"1944","electricidad_gas_y_agua","1.42483822797412"
"1944","construccion","3.31632653061224"
"1944","comercio_mayorista_minorista_hoteles_restaurantes","16.195868591339"
"1944","transporte_almacenamiento_y_comunicaciones","8.87879542060727"
"1944","intermediacion_financiera","1.82304629168741"
"1944","actividades_inmobiliarias_empresariales_y_de_alquiler","6.69487307117969"
"1944","administracion_publica_y_defensa_planes_de_seguridad_social_de_afiliacion_obligatoria","7.44773519163763"
"1944","otros_servicios","7.35440517670483"
"1945","agricultura_ganaderia_caza_y_silvicultura","20.1576132845483"
"1945","pesca","0.135097101041373"
"1945","explotacion_de_minas_y_canteras","1.37348719392063"
"1945","industria_manufacturera","22.5049254151421"
"1945","electricidad_gas_y_agua","1.39600337742753"
"1945","construccion","3.46749226006192"
"1945","comercio_mayorista_minorista_hoteles_restaurantes","15.2828595553054"
"1945","transporte_almacenamiento_y_comunicaciones","8.69687587953842"
"1945","intermediacion_financiera","1.84069800168871"
"1945","actividades_inmobiliarias_empresariales_y_de_alquiler","9.541232761047"
"1945","administracion_publica_y_defensa_planes_de_seguridad_social_de_afiliacion_obligatoria","7.54292147481002"
"1945","otros_servicios","8.06079369546862"
"1946","agricultura_ganaderia_caza_y_silvicultura","23.1065787837334"
"1946","pesca","0.132653484226672"
"1946","explotacion_de_minas_y_canteras","1.02806450275671"
"1946","industria_manufacturera","23.089997098205"
"1946","electricidad_gas_y_agua","1.35140737055922"
"1946","construccion","3.76818803631389"
"1946","comercio_mayorista_minorista_hoteles_restaurantes","16.2624880819135"
"1946","transporte_almacenamiento_y_comunicaciones","7.79339219831696"
"1946","intermediacion_financiera","1.60013265348423"
"1946","actividades_inmobiliarias_empresariales_y_de_alquiler","7.40372258840111"
"1946","administracion_publica_y_defensa_planes_de_seguridad_social_de_afiliacion_obligatoria","7.1798698337686"
"1946","otros_servicios","7.28350536832069"
"1947","agricultura_ganaderia_caza_y_silvicultura","19.0090663755723"
"1947","pesca","0.121289305315504"
"1947","explotacion_de_minas_y_canteras","0.897540859334728"
"1947","industria_manufacturera","23.4239970890567"
"1947","electricidad_gas_y_agua","1.1734740289275"
"1947","construccion","4.31183480396616"
"1947","comercio_mayorista_minorista_hoteles_restaurantes","21.4682070408442"
"1947","transporte_almacenamiento_y_comunicaciones","8.12638345613875"
"1947","intermediacion_financiera","1.81630734709967"
"1947","actividades_inmobiliarias_empresariales_y_de_alquiler","5.5247278571212"
"1947","administracion_publica_y_defensa_planes_de_seguridad_social_de_afiliacion_obligatoria","7.50780799902968"
"1947","otros_servicios","6.61936383759362"
"1948","agricultura_ganaderia_caza_y_silvicultura","17.328963539533"
"1948","pesca","0.139769139937827"
"1948","explotacion_de_minas_y_canteras","0.874762030990192"
"1948","industria_manufacturera","22.7486324312601"
"1948","electricidad_gas_y_agua","1.11333349398752"
"1948","construccion","5.93777863460009"
"1948","comercio_mayorista_minorista_hoteles_restaurantes","20.8737981058872"
"1948","transporte_almacenamiento_y_comunicaciones","9.05607634286816"
"1948","intermediacion_financiera","2.16401185627877"
"1948","actividades_inmobiliarias_empresariales_y_de_alquiler","4.49912041834349"
"1948","administracion_publica_y_defensa_planes_de_seguridad_social_de_afiliacion_obligatoria","8.50663903414705"
"1948","otros_servicios","6.75711497216666"
"1949","agricultura_ganaderia_caza_y_silvicultura","15.7361635156676"
"1949","pesca","0.133169225802546"
"1949","explotacion_de_minas_y_canteras","0.948326304957527"
"1949","industria_manufacturera","23.8857165916749"
"1949","electricidad_gas_y_agua","1.1400092814915"
"1949","construccion","7.14876616694578"
"1949","comercio_mayorista_minorista_hoteles_restaurantes","16.9669699965699"
"1949","transporte_almacenamiento_y_comunicaciones","10.0078690906156"
"1949","intermediacion_financiera","2.41318778878554"
"1949","actividades_inmobiliarias_empresariales_y_de_alquiler","4.33607070075261"
"1949","administracion_publica_y_defensa_planes_de_seguridad_social_de_afiliacion_obligatoria","9.50747563608483"
"1949","otros_servicios","7.77627570065172"
"1950","agricultura_ganaderia_caza_y_silvicultura","13.5024094896824"
"1950","pesca","0.134375386136167"
"1950","explotacion_de_minas_y_canteras","0.852588656863956"
"1950","industria_manufacturera","28.6621154083776"
"1950","electricidad_gas_y_agua","1.03484492771531"
"1950","construccion","6.6724329667614"
"1950","comercio_mayorista_minorista_hoteles_restaurantes","15.9412455208205"
"1950","transporte_almacenamiento_y_comunicaciones","8.41776844186334"
"1950","intermediacion_financiera","2.48362782651674"
"1950","actividades_inmobiliarias_empresariales_y_de_alquiler","3.61268997899419"
"1950","administracion_publica_y_defensa_planes_de_seguridad_social_de_afiliacion_obligatoria","8.95526998640801"
"1950","otros_servicios","9.73063140986037"
"1951","agricultura_ganaderia_caza_y_silvicultura","15.8050707935463"
"1951","pesca","0.14597738996817"
"1951","explotacion_de_minas_y_canteras","0.743057842168807"
"1951","industria_manufacturera","27.3252112830644"
"1951","electricidad_gas_y_agua","0.875864339809022"
"1951","construccion","6.18044122489299"
"1951","comercio_mayorista_minorista_hoteles_restaurantes","17.1243551750631"
"1951","transporte_almacenamiento_y_comunicaciones","7.91899901218308"
"1951","intermediacion_financiera","2.7066183733948"
"1951","actividades_inmobiliarias_empresariales_y_de_alquiler","3.00954889693777"
"1951","administracion_publica_y_defensa_planes_de_seguridad_social_de_afiliacion_obligatoria","8.31741850510372"
"1951","otros_servicios","9.84743716386785"
"1952","agricultura_ganaderia_caza_y_silvicultura","13.9309292622974"
"1952","pesca","0.145035364142361"
"1952","explotacion_de_minas_y_canteras","0.799578078940677"
"1952","industria_manufacturera","27.6659666041947"
"1952","electricidad_gas_y_agua","0.922010529190721"
"1952","construccion","5.93703204904832"
"1952","comercio_mayorista_minorista_hoteles_restaurantes","15.688305817425"
"1952","transporte_almacenamiento_y_comunicaciones","8.88388694775901"
"1952","intermediacion_financiera","2.78769271338563"
"1952","actividades_inmobiliarias_empresariales_y_de_alquiler","3.10601708403575"
"1952","administracion_publica_y_defensa_planes_de_seguridad_social_de_afiliacion_obligatoria","9.01291191456098"
"1952","otros_servicios","11.1206336350194"
"1953","agricultura_ganaderia_caza_y_silvicultura","18.8373406889218"
"1953","pesca","0.113823299712534"
"1953","explotacion_de_minas_y_canteras","0.750236785696482"
"1953","industria_manufacturera","25.7764078363603"
"1953","electricidad_gas_y_agua","0.976221731111148"
"1953","construccion","5.30483042820824"
"1953","comercio_mayorista_minorista_hoteles_restaurantes","13.7925591133414"
"1953","transporte_almacenamiento_y_comunicaciones","8.28251441484854"
"1953","intermediacion_financiera","2.69935693989797"
"1953","actividades_inmobiliarias_empresariales_y_de_alquiler","3.30336817267909"
"1953","administracion_publica_y_defensa_planes_de_seguridad_social_de_afiliacion_obligatoria","9.48472109137436"
"1953","otros_servicios","10.6786194978482"
"1954","agricultura_ganaderia_caza_y_silvicultura","17.2268380970636"
"1954","pesca","0.0855186039825129"
"1954","explotacion_de_minas_y_canteras","0.867718938684635"
"1954","industria_manufacturera","27.1344632601756"
"1954","electricidad_gas_y_agua","1.01885095434339"
"1954","construccion","5.2225326776907"
"1954","comercio_mayorista_minorista_hoteles_restaurantes","13.6468523993129"
"1954","transporte_almacenamiento_y_comunicaciones","8.1537565521258"
"1954","intermediacion_financiera","2.70268277758528"
"1954","actividades_inmobiliarias_empresariales_y_de_alquiler","3.44064935160679"
"1954","administracion_publica_y_defensa_planes_de_seguridad_social_de_afiliacion_obligatoria","9.89435503490781"
"1954","otros_servicios","10.605781352521"
"1955","agricultura_ganaderia_caza_y_silvicultura","15.6727328337666"
"1955","pesca","0.0758525768466126"
"1955","explotacion_de_minas_y_canteras","0.805016057501147"
"1955","industria_manufacturera","29.7703012693072"
"1955","electricidad_gas_y_agua","1.03930264566447"
"1955","construccion","4.82459091604221"
"1955","comercio_mayorista_minorista_hoteles_restaurantes","14.3685578834684"
"1955","transporte_almacenamiento_y_comunicaciones","7.88866799204771"
"1955","intermediacion_financiera","2.60039761431412"
"1955","actividades_inmobiliarias_empresariales_y_de_alquiler","3.42560024468573"
"1955","administracion_publica_y_defensa_planes_de_seguridad_social_de_afiliacion_obligatoria","9.3255849518275"
"1955","otros_servicios","10.2033950145282"
"1956","agricultura_ganaderia_caza_y_silvicultura","15.9988688119549"
"1956","pesca","0.0982347512874706"
"1956","explotacion_de_minas_y_canteras","0.917353813790572"
"1956","industria_manufacturera","28.7391222377678"
"1956","electricidad_gas_y_agua","0.970936405401919"
"1956","construccion","4.84327091953681"
"1956","comercio_mayorista_minorista_hoteles_restaurantes","15.269054068804"
"1956","transporte_almacenamiento_y_comunicaciones","8.53352384921462"
"1956","intermediacion_financiera","2.72427787535102"
"1956","actividades_inmobiliarias_empresariales_y_de_alquiler","3.09687534109289"
"1956","administracion_publica_y_defensa_planes_de_seguridad_social_de_afiliacion_obligatoria","8.81532859028171"
"1956","otros_servicios","9.99315333551633"
"1957","agricultura_ganaderia_caza_y_silvicultura","15.8692948782315"
"1957","pesca","0.114314844709463"
"1957","explotacion_de_minas_y_canteras","0.91065676967876"
"1957","industria_manufacturera","30.2119459012721"
"1957","electricidad_gas_y_agua","0.841140985733816"
"1957","construccion","4.80431306819498"
"1957","comercio_mayorista_minorista_hoteles_restaurantes","16.3624707454409"
"1957","transporte_almacenamiento_y_comunicaciones","8.5210903164513"
"1957","intermediacion_financiera","2.64275838630694"
"1957","actividades_inmobiliarias_empresariales_y_de_alquiler","2.96291719125337"
"1957","administracion_publica_y_defensa_planes_de_seguridad_social_de_afiliacion_obligatoria","7.74328593386732"
"1957","otros_servicios","9.01581097885948"
"1958","agricultura_ganaderia_caza_y_silvicultura","15.3993938377944"
"1958","pesca","0.0965921337282169"
"1958","explotacion_de_minas_y_canteras","0.857887160164659"
"1958","industria_manufacturera","31.7383657036724"
"1958","electricidad_gas_y_agua","1.06198128294577"
"1958","construccion","4.74605316026577"
"1958","comercio_mayorista_minorista_hoteles_restaurantes","15.2107331688872"
"1958","transporte_almacenamiento_y_comunicaciones","8.00224583363269"
"1958","intermediacion_financiera","2.28388507930933"
"1958","actividades_inmobiliarias_empresariales_y_de_alquiler","2.98477676041159"
"1958","administracion_publica_y_defensa_planes_de_seguridad_social_de_afiliacion_obligatoria","8.79387557975237"
"1958","otros_servicios","8.82421029943561"
"1959","agricultura_ganaderia_caza_y_silvicultura","18.9884481888441"
"1959","pesca","0.0692206404389519"
"1959","explotacion_de_minas_y_canteras","1.29771078460398"
"1959","industria_manufacturera","29.7313224102881"
"1959","electricidad_gas_y_agua","0.99122265361766"
"1959","construccion","4.33270456743444"
"1959","comercio_mayorista_minorista_hoteles_restaurantes","15.9908138148045"
"1959","transporte_almacenamiento_y_comunicaciones","8.09486752212664"
"1959","intermediacion_financiera","2.01416555998229"
"1959","actividades_inmobiliarias_empresariales_y_de_alquiler","1.79522532657762"
"1959","administracion_publica_y_defensa_planes_de_seguridad_social_de_afiliacion_obligatoria","7.29692694191387"
"1959","otros_servicios","9.39737158936794"
"1960","agricultura_ganaderia_caza_y_silvicultura","16.7393202568023"
"1960","pesca","0.0907751686421975"
"1960","explotacion_de_minas_y_canteras","1.36909919584798"
"1960","industria_manufacturera","31.2875465166981"
"1960","electricidad_gas_y_agua","1.26594559511821"
"1960","construccion","4.20119524355959"
"1960","comercio_mayorista_minorista_hoteles_restaurantes","16.736309286835"
"1960","transporte_almacenamiento_y_comunicaciones","8.10742694773514"
"1960","intermediacion_financiera","2.06006104462815"
"1960","actividades_inmobiliarias_empresariales_y_de_alquiler","2.01868808693005"
"1960","administracion_publica_y_defensa_planes_de_seguridad_social_de_afiliacion_obligatoria","7.35334624704897"
"1960","otros_servicios","8.77028641015433"
"1961","agricultura_ganaderia_caza_y_silvicultura","13.2721715362169"
"1961","pesca","0.072581538802497"
"1961","explotacion_de_minas_y_canteras","1.38394341225575"
"1961","industria_manufacturera","32.9590366786097"
"1961","electricidad_gas_y_agua","1.51359287851365"
"1961","construccion","4.57559191814723"
"1961","comercio_mayorista_minorista_hoteles_restaurantes","16.6368706829683"
"1961","transporte_almacenamiento_y_comunicaciones","8.14880138883759"
"1961","intermediacion_financiera","2.41947696967458"
"1961","actividades_inmobiliarias_empresariales_y_de_alquiler","1.85156798286115"
"1961","administracion_publica_y_defensa_planes_de_seguridad_social_de_afiliacion_obligatoria","8.46655339267905"
"1961","otros_servicios","8.69981162043364"
"1962","agricultura_ganaderia_caza_y_silvicultura","14.9551252538131"
"1962","pesca","0.0523858431316995"
"1962","explotacion_de_minas_y_canteras","2.03257071350994"
"1962","industria_manufacturera","29.9715640789536"
"1962","electricidad_gas_y_agua","1.6012360107664"
"1962","construccion","4.34750849978751"
"1962","comercio_mayorista_minorista_hoteles_restaurantes","16.302031685319"
"1962","transporte_almacenamiento_y_comunicaciones","8.32093780988809"
"1962","intermediacion_financiera","2.56484039287907"
"1962","actividades_inmobiliarias_empresariales_y_de_alquiler","2.04688459177409"
"1962","administracion_publica_y_defensa_planes_de_seguridad_social_de_afiliacion_obligatoria","8.86560301270246"
"1962","otros_servicios","8.93931210747509"
"1963","agricultura_ganaderia_caza_y_silvicultura","16.6137247384851"
"1963","pesca","0.0629217859077107"
"1963","explotacion_de_minas_y_canteras","2.02670220469662"
"1963","industria_manufacturera","29.5966677011641"
"1963","electricidad_gas_y_agua","1.82552287760678"
"1963","construccion","4.16756424533411"
"1963","comercio_mayorista_minorista_hoteles_restaurantes","15.2532997425927"
"1963","transporte_almacenamiento_y_comunicaciones","8.59052765455088"
"1963","intermediacion_financiera","2.53311913150897"
"1963","actividades_inmobiliarias_empresariales_y_de_alquiler","2.11134843699606"
"1963","administracion_publica_y_defensa_planes_de_seguridad_social_de_afiliacion_obligatoria","8.34425640932021"
"1963","otros_servicios","8.87434507183672"
"1964","agricultura_ganaderia_caza_y_silvicultura","18.1392333560128"
"1964","pesca","0.0618921801043378"
"1964","explotacion_de_minas_y_canteras","1.84490409804229"
"1964","industria_manufacturera","31.2811443776909"
"1964","electricidad_gas_y_agua","1.60359973225132"
"1964","construccion","3.45842044806585"
"1964","comercio_mayorista_minorista_hoteles_restaurantes","15.7008982802932"
"1964","transporte_almacenamiento_y_comunicaciones","8.16716112024725"
"1964","intermediacion_financiera","1.92897715223695"
"1964","actividades_inmobiliarias_empresariales_y_de_alquiler","1.76537616032657"
"1964","administracion_publica_y_defensa_planes_de_seguridad_social_de_afiliacion_obligatoria","8.150918785973"
"1964","otros_servicios","7.8974743087555"
"1965","agricultura_ganaderia_caza_y_silvicultura","15.7099516806268"
"1965","pesca","0.0615421307134942"
"1965","explotacion_de_minas_y_canteras","1.95069884432763"
"1965","industria_manufacturera","33.6028019182913"
"1965","electricidad_gas_y_agua","1.77528163381806"
"1965","construccion","3.57434865211199"
"1965","comercio_mayorista_minorista_hoteles_restaurantes","15.5877517162642"
"1965","transporte_almacenamiento_y_comunicaciones","7.87980055955117"
"1965","intermediacion_financiera","1.70796432449867"
"1965","actividades_inmobiliarias_empresariales_y_de_alquiler","1.71564445349748"
"1965","administracion_publica_y_defensa_planes_de_seguridad_social_de_afiliacion_obligatoria","8.72961493292618"
"1965","otros_servicios","7.70459915337315"
"1966","agricultura_ganaderia_caza_y_silvicultura","13.7843348281357"
"1966","pesca","0.061489035979897"
"1966","explotacion_de_minas_y_canteras","2.0766807811231"
"1966","industria_manufacturera","32.4467815906358"
"1966","electricidad_gas_y_agua","2.07499379429847"
"1966","construccion","4.02201758804264"
"1966","comercio_mayorista_minorista_hoteles_restaurantes","14.9727310629704"
"1966","transporte_almacenamiento_y_comunicaciones","8.89596352252489"
"1966","intermediacion_financiera","1.60516989171017"
"1966","actividades_inmobiliarias_empresariales_y_de_alquiler","1.76976775002685"
"1966","administracion_publica_y_defensa_planes_de_seguridad_social_de_afiliacion_obligatoria","10.1413790663915"
"1966","otros_servicios","8.14869108816057"
"1967","agricultura_ganaderia_caza_y_silvicultura","13.5512630685431"
"1967","pesca","0.0624017222459062"
"1967","explotacion_de_minas_y_canteras","2.07503636360206"
"1967","industria_manufacturera","31.1572397997974"
"1967","electricidad_gas_y_agua","2.43122043983451"
"1967","construccion","4.54813861748509"
"1967","comercio_mayorista_minorista_hoteles_restaurantes","15.1006578463315"
"1967","transporte_almacenamiento_y_comunicaciones","9.06571483012396"
"1967","intermediacion_financiera","1.55086750468628"
"1967","actividades_inmobiliarias_empresariales_y_de_alquiler","1.87759288587107"
"1967","administracion_publica_y_defensa_planes_de_seguridad_social_de_afiliacion_obligatoria","10.73477357907"
"1967","otros_servicios","7.84509334240918"
"1968","agricultura_ganaderia_caza_y_silvicultura","12.5216662364934"
"1968","pesca","0.0621422314613902"
"1968","explotacion_de_minas_y_canteras","2.17011139267237"
"1968","industria_manufacturera","30.685612659698"
"1968","electricidad_gas_y_agua","2.60746621264914"
"1968","construccion","5.0398915109281"
"1968","comercio_mayorista_minorista_hoteles_restaurantes","14.6458597297012"
"1968","transporte_almacenamiento_y_comunicaciones","9.59953410410727"
"1968","intermediacion_financiera","1.72840055031515"
"1968","actividades_inmobiliarias_empresariales_y_de_alquiler","2.29968518508765"
"1968","administracion_publica_y_defensa_planes_de_seguridad_social_de_afiliacion_obligatoria","11.2034040343541"
"1968","otros_servicios","7.43622615253214"
"1969","agricultura_ganaderia_caza_y_silvicultura","12.6449045327916"
"1969","pesca","0.0610125421243847"
"1969","explotacion_de_minas_y_canteras","2.32559434562467"
"1969","industria_manufacturera","30.5359377762557"
"1969","electricidad_gas_y_agua","2.33993353853693"
"1969","construccion","5.53506767959839"
"1969","comercio_mayorista_minorista_hoteles_restaurantes","14.5939572135189"
"1969","transporte_almacenamiento_y_comunicaciones","9.4873947357064"
"1969","intermediacion_financiera","1.73575513888116"
"1969","actividades_inmobiliarias_empresariales_y_de_alquiler","2.54136159746285"
"1969","administracion_publica_y_defensa_planes_de_seguridad_social_de_afiliacion_obligatoria","11.3624519838452"
"1969","otros_servicios","6.83662891565379"
"1970","agricultura_ganaderia_caza_y_silvicultura","12.1302716835285"
"1970","pesca","0.0534273047629874"
"1970","explotacion_de_minas_y_canteras","1.99840854836876"
"1970","industria_manufacturera","30.0215982721382"
"1970","electricidad_gas_y_agua","2.30987836762533"
"1970","construccion","5.779242923724"
"1970","comercio_mayorista_minorista_hoteles_restaurantes","16.702284869842"
"1970","transporte_almacenamiento_y_comunicaciones","9.77492326929635"
"1970","intermediacion_financiera","3.02716835284756"
"1970","actividades_inmobiliarias_empresariales_y_de_alquiler","4.88575650790042"
"1970","administracion_publica_y_defensa_planes_de_seguridad_social_de_afiliacion_obligatoria","8.62453109014437"
"1970","otros_servicios","4.69250880982153"
"1971","agricultura_ganaderia_caza_y_silvicultura","13.7184776894525"
"1971","pesca","0.0796520797158014"
"1971","explotacion_de_minas_y_canteras","1.94669682825419"
"1971","industria_manufacturera","30.1156548197473"
"1971","electricidad_gas_y_agua","2.11794879964316"
"1971","construccion","5.96753381230784"
"1971","comercio_mayorista_minorista_hoteles_restaurantes","16.0506905835311"
"1971","transporte_almacenamiento_y_comunicaciones","9.204594331958"
"1971","intermediacion_financiera","2.69144377359693"
"1971","actividades_inmobiliarias_empresariales_y_de_alquiler","5.19331559747025"
"1971","administracion_publica_y_defensa_planes_de_seguridad_social_de_afiliacion_obligatoria","8.45506826183232"
"1971","otros_servicios","4.45892342249056"
"1972","agricultura_ganaderia_caza_y_silvicultura","14.7253431713102"
"1972","pesca","0.0622858922454064"
"1972","explotacion_de_minas_y_canteras","1.8455788994562"
"1972","industria_manufacturera","30.4161176724241"
"1972","electricidad_gas_y_agua","2.05639268859449"
"1972","construccion","5.66418321634765"
"1972","comercio_mayorista_minorista_hoteles_restaurantes","16.6461442637089"
"1972","transporte_almacenamiento_y_comunicaciones","9.01420597465443"
"1972","intermediacion_financiera","3.00984596219725"
"1972","actividades_inmobiliarias_empresariales_y_de_alquiler","4.61682198212874"
"1972","administracion_publica_y_defensa_planes_de_seguridad_social_de_afiliacion_obligatoria","7.87581151330762"
"1972","otros_servicios","4.06726876362504"
"1973","agricultura_ganaderia_caza_y_silvicultura","15.4792314760953"
"1973","pesca","0.0677249747787698"
"1973","explotacion_de_minas_y_canteras","1.95643682327716"
"1973","industria_manufacturera","28.437182978269"
"1973","electricidad_gas_y_agua","2.08907660790612"
"1973","construccion","5.03974978291476"
"1973","comercio_mayorista_minorista_hoteles_restaurantes","14.9481103045938"
"1973","transporte_almacenamiento_y_comunicaciones","8.38075486650312"
"1973","intermediacion_financiera","2.93718438335146"
"1973","actividades_inmobiliarias_empresariales_y_de_alquiler","6.8826559430773"
"1973","administracion_publica_y_defensa_planes_de_seguridad_social_de_afiliacion_obligatoria","9.87379549305749"
"1973","otros_servicios","3.90809636617573"
"1974","agricultura_ganaderia_caza_y_silvicultura","13.4431566876894"
"1974","pesca","0.0505774428700139"
"1974","explotacion_de_minas_y_canteras","2.04418871324433"
"1974","industria_manufacturera","28.5215824391842"
"1974","electricidad_gas_y_agua","2.12118109591285"
"1974","construccion","5.53587517405193"
"1974","comercio_mayorista_minorista_hoteles_restaurantes","15.0761733147678"
"1974","transporte_almacenamiento_y_comunicaciones","8.56171676631993"
"1974","intermediacion_financiera","3.48349578180031"
"1974","actividades_inmobiliarias_empresariales_y_de_alquiler","5.85613072323696"
"1974","administracion_publica_y_defensa_planes_de_seguridad_social_de_afiliacion_obligatoria","11.5218281595544"
"1974","otros_servicios","3.78409370136784"
"1975","agricultura_ganaderia_caza_y_silvicultura","10.075474791337"
"1975","pesca","0.0409852157027794"
"1975","explotacion_de_minas_y_canteras","1.50873811687055"
"1975","industria_manufacturera","31.9312715818158"
"1975","electricidad_gas_y_agua","1.79370591075693"
"1975","construccion","7.49567933167234"
"1975","comercio_mayorista_minorista_hoteles_restaurantes","15.3748976230641"
"1975","transporte_almacenamiento_y_comunicaciones","8.39260116976627"
"1975","intermediacion_financiera","3.78923817783175"
"1975","actividades_inmobiliarias_empresariales_y_de_alquiler","4.49225517188648"
"1975","administracion_publica_y_defensa_planes_de_seguridad_social_de_afiliacion_obligatoria","11.3124705956908"
"1975","otros_servicios","3.79268231360509"
"1976","agricultura_ganaderia_caza_y_silvicultura","11.02115262133"
"1976","pesca","0.0617692483235102"
"1976","explotacion_de_minas_y_canteras","1.72654391977764"
"1976","industria_manufacturera","33.2035750625578"
"1976","electricidad_gas_y_agua","2.53075011271132"
"1976","construccion","7.29392647007763"
"1976","comercio_mayorista_minorista_hoteles_restaurantes","16.4320645612555"
"1976","transporte_almacenamiento_y_comunicaciones","8.49056153693446"
"1976","intermediacion_financiera","4.00579075107218"
"1976","actividades_inmobiliarias_empresariales_y_de_alquiler","3.93803143618737"
"1976","administracion_publica_y_defensa_planes_de_seguridad_social_de_afiliacion_obligatoria","7.43727724439975"
"1976","otros_servicios","3.85855703537294"
"1977","agricultura_ganaderia_caza_y_silvicultura","11.0615887972628"
"1977","pesca","0.0699384119705002"
"1977","explotacion_de_minas_y_canteras","0.924904907752314"
"1977","industria_manufacturera","31.1585246358836"
"1977","electricidad_gas_y_agua","2.65267399381298"
"1977","construccion","7.13184180012787"
"1977","comercio_mayorista_minorista_hoteles_restaurantes","15.8313405084626"
"1977","transporte_almacenamiento_y_comunicaciones","8.36246514115995"
"1977","intermediacion_financiera","5.59779371781753"
"1977","actividades_inmobiliarias_empresariales_y_de_alquiler","6.55985835540172"
"1977","administracion_publica_y_defensa_planes_de_seguridad_social_de_afiliacion_obligatoria","6.83869548618689"
"1977","otros_servicios","3.81037424416131"
"1978","agricultura_ganaderia_caza_y_silvicultura","9.99887003060339"
"1978","pesca","0.189312829372903"
"1978","explotacion_de_minas_y_canteras","1.45783041281066"
"1978","industria_manufacturera","29.1480403351775"
"1978","electricidad_gas_y_agua","2.79707871345967"
"1978","construccion","7.62498252099705"
"1978","comercio_mayorista_minorista_hoteles_restaurantes","15.4530622238219"
"1978","transporte_almacenamiento_y_comunicaciones","8.37171796064251"
"1978","intermediacion_financiera","4.64868598922701"
"1978","actividades_inmobiliarias_empresariales_y_de_alquiler","7.56669440204512"
"1978","administracion_publica_y_defensa_planes_de_seguridad_social_de_afiliacion_obligatoria","8.62819958421837"
"1978","otros_servicios","4.11552499762394"
"1979","agricultura_ganaderia_caza_y_silvicultura","10.6633927550176"
"1979","pesca","0.218661030415637"
"1979","explotacion_de_minas_y_canteras","1.53665498261806"
"1979","industria_manufacturera","28.3808575948428"
"1979","electricidad_gas_y_agua","2.05928166655029"
"1979","construccion","7.62363557730438"
"1979","comercio_mayorista_minorista_hoteles_restaurantes","15.8757622963069"
"1979","transporte_almacenamiento_y_comunicaciones","7.90056073498447"
"1979","intermediacion_financiera","5.5658815208472"
"1979","actividades_inmobiliarias_empresariales_y_de_alquiler","7.3181998237217"
"1979","administracion_publica_y_defensa_planes_de_seguridad_social_de_afiliacion_obligatoria","8.67308789601773"
"1979","otros_servicios","4.18402412137313"
"1980","agricultura_ganaderia_caza_y_silvicultura","6.28097078871268"
"1980","pesca","0.0534009662198244"
"1980","explotacion_de_minas_y_canteras","1.24610591900312"
"1980","industria_manufacturera","29.3873312564901"
"1980","electricidad_gas_y_agua","1.84319833852544"
"1980","construccion","8.61889927310488"
"1980","comercio_mayorista_minorista_hoteles_restaurantes","16.484942886812"
"1980","transporte_almacenamiento_y_comunicaciones","4.46521287642783"
"1980","intermediacion_financiera","4.94626905713285"
"1980","actividades_inmobiliarias_empresariales_y_de_alquiler","8.9166592917768"
"1980","administracion_publica_y_defensa_planes_de_seguridad_social_de_afiliacion_obligatoria","4.49177606485648"
"1980","otros_servicios","13.2652332809379"
"1981","agricultura_ganaderia_caza_y_silvicultura","6.35320020729418"
"1981","pesca","0.0676010662531813"
"1981","explotacion_de_minas_y_canteras","1.51233749005041"
"1981","industria_manufacturera","28.5221544176174"
"1981","electricidad_gas_y_agua","2.18890952507296"
"1981","construccion","7.77394534359247"
"1981","comercio_mayorista_minorista_hoteles_restaurantes","16.0652693022022"
"1981","transporte_almacenamiento_y_comunicaciones","4.74927036349164"
"1981","intermediacion_financiera","7.36318717320469"
"1981","actividades_inmobiliarias_empresariales_y_de_alquiler","7.61426042562789"
"1981","administracion_publica_y_defensa_planes_de_seguridad_social_de_afiliacion_obligatoria","4.48347943182833"
"1981","otros_servicios","13.3063852537647"
"1982","agricultura_ganaderia_caza_y_silvicultura","9.43935573330983"
"1982","pesca","0.12332382344151"
"1982","explotacion_de_minas_y_canteras","1.29964886679739"
"1982","industria_manufacturera","31.2508550321492"
"1982","electricidad_gas_y_agua","1.33613023849697"
"1982","construccion","7.07282593825528"
"1982","comercio_mayorista_minorista_hoteles_restaurantes","16.599024123307"
"1982","transporte_almacenamiento_y_comunicaciones","4.03119157280314"
"1982","intermediacion_financiera","7.11280081990942"
"1982","actividades_inmobiliarias_empresariales_y_de_alquiler","7.18333671486189"
"1982","administracion_publica_y_defensa_planes_de_seguridad_social_de_afiliacion_obligatoria","3.29672912159844"
"1982","otros_servicios","11.2547780150699"
"1983","agricultura_ganaderia_caza_y_silvicultura","8.52298019448245"
"1983","pesca","0.0779996639824388"
"1983","explotacion_de_minas_y_canteras","2.12302667392488"
"1983","industria_manufacturera","30.4663400471784"
"1983","electricidad_gas_y_agua","1.54236980584286"
"1983","construccion","7.14933768825984"
"1983","comercio_mayorista_minorista_hoteles_restaurantes","16.485211395391"
"1983","transporte_almacenamiento_y_comunicaciones","3.89221556886228"
"1983","intermediacion_financiera","5.62440772758499"
"1983","actividades_inmobiliarias_empresariales_y_de_alquiler","8.82850462951899"
"1983","administracion_publica_y_defensa_planes_de_seguridad_social_de_afiliacion_obligatoria","3.64535298026294"
"1983","otros_servicios","11.6422536247089"
"1984","agricultura_ganaderia_caza_y_silvicultura","8.28491368453966"
"1984","pesca","0.0882708147309696"
"1984","explotacion_de_minas_y_canteras","1.90905054861419"
"1984","industria_manufacturera","29.8052895287626"
"1984","electricidad_gas_y_agua","1.67818862180504"
"1984","construccion","6.44510686877656"
"1984","comercio_mayorista_minorista_hoteles_restaurantes","16.8097926048075"
"1984","transporte_almacenamiento_y_comunicaciones","4.33056383585971"
"1984","intermediacion_financiera","4.88494258122006"
"1984","actividades_inmobiliarias_empresariales_y_de_alquiler","8.56593583572673"
"1984","administracion_publica_y_defensa_planes_de_seguridad_social_de_afiliacion_obligatoria","3.86166958803854"
"1984","otros_servicios","13.3362754871184"
"1985","agricultura_ganaderia_caza_y_silvicultura","7.48795689847934"
"1985","pesca","0.0964547946235281"
"1985","explotacion_de_minas_y_canteras","1.94760201501901"
"1985","industria_manufacturera","29.4481170059364"
"1985","electricidad_gas_y_agua","1.94760201501901"
"1985","construccion","5.67613625723328"
"1985","comercio_mayorista_minorista_hoteles_restaurantes","16.3673477031405"
"1985","transporte_almacenamiento_y_comunicaciones","4.91207700518736"
"1985","intermediacion_financiera","4.39222847232799"
"1985","actividades_inmobiliarias_empresariales_y_de_alquiler","10.2353862770119"
"1985","administracion_publica_y_defensa_planes_de_seguridad_social_de_afiliacion_obligatoria","3.83611716624199"
"1985","otros_servicios","13.6529743897797"
"1986","agricultura_ganaderia_caza_y_silvicultura","7.70333586919096"
"1986","pesca","0.0971449000398128"
"1986","explotacion_de_minas_y_canteras","2.02524038461538"
"1986","industria_manufacturera","27.4198717948718"
"1986","electricidad_gas_y_agua","1.95713141025641"
"1986","construccion","5.97856570512821"
"1986","comercio_mayorista_minorista_hoteles_restaurantes","16.2870592948718"
"1986","transporte_almacenamiento_y_comunicaciones","4.6875"
"1986","intermediacion_financiera","4.87528857582364"
"1986","actividades_inmobiliarias_empresariales_y_de_alquiler","10.3701040523815"
"1986","administracion_publica_y_defensa_planes_de_seguridad_social_de_afiliacion_obligatoria","3.97812974787652"
"1986","otros_servicios","14.620628264944"
"1987","agricultura_ganaderia_caza_y_silvicultura","7.99162723180819"
"1987","pesca","0.120602106404678"
"1987","explotacion_de_minas_y_canteras","1.84786670618404"
"1987","industria_manufacturera","27.5573538823671"
"1987","electricidad_gas_y_agua","2.04330588594084"
"1987","construccion","6.46366764171488"
"1987","comercio_mayorista_minorista_hoteles_restaurantes","15.4203660511406"
"1987","transporte_almacenamiento_y_comunicaciones","4.47877874137168"
"1987","intermediacion_financiera","5.31906433265689"
"1987","actividades_inmobiliarias_empresariales_y_de_alquiler","10.4264609692"
"1987","administracion_publica_y_defensa_planes_de_seguridad_social_de_afiliacion_obligatoria","4.13140392639377"
"1987","otros_servicios","14.1995025248173"
"1988","agricultura_ganaderia_caza_y_silvicultura","8.8486070791583"
"1988","pesca","0.148866301097975"
"1988","explotacion_de_minas_y_canteras","2.30193105937556"
"1988","industria_manufacturera","28.0608193466883"
"1988","electricidad_gas_y_agua","1.88052698068941"
"1988","construccion","6.32737772965169"
"1988","comercio_mayorista_minorista_hoteles_restaurantes","15.5378090597365"
"1988","transporte_almacenamiento_y_comunicaciones","5.03519220357336"
"1988","intermediacion_financiera","4.76225222242666"
"1988","actividades_inmobiliarias_empresariales_y_de_alquiler","10.2512832404862"
"1988","administracion_publica_y_defensa_planes_de_seguridad_social_de_afiliacion_obligatoria","4.06150632138122"
"1988","otros_servicios","12.7838284557348"
"1989","agricultura_ganaderia_caza_y_silvicultura","9.39691150614931"
"1989","pesca","0.143624355920919"
"1989","explotacion_de_minas_y_canteras","3.14081747622581"
"1989","industria_manufacturera","30.7063719790245"
"1989","electricidad_gas_y_agua","2.02757298632728"
"1989","construccion","6.14061378918452"
"1989","comercio_mayorista_minorista_hoteles_restaurantes","16.8121326522561"
"1989","transporte_almacenamiento_y_comunicaciones","4.21298813782945"
"1989","intermediacion_financiera","3.78694317887598"
"1989","actividades_inmobiliarias_empresariales_y_de_alquiler","8.98175703478132"
"1989","administracion_publica_y_defensa_planes_de_seguridad_social_de_afiliacion_obligatoria","3.76266131583811"
"1989","otros_servicios","10.8876055875867"
"1990","agricultura_ganaderia_caza_y_silvicultura","7.87759425433077"
"1990","pesca","0.154009844523497"
"1990","explotacion_de_minas_y_canteras","2.82830286263437"
"1990","industria_manufacturera","26.4872246021231"
"1990","electricidad_gas_y_agua","1.90575609853787"
"1990","construccion","4.39593689457304"
"1990","comercio_mayorista_minorista_hoteles_restaurantes","15.4212984452568"
"1990","transporte_almacenamiento_y_comunicaciones","5.18381438788437"
"1990","intermediacion_financiera","4.05354499304104"
"1990","actividades_inmobiliarias_empresariales_y_de_alquiler","10.6351776375951"
"1990","administracion_publica_y_defensa_planes_de_seguridad_social_de_afiliacion_obligatoria","5.73936407943937"
"1990","otros_servicios","15.3179759000607"
"1991","agricultura_ganaderia_caza_y_silvicultura","6.51659850994296"
"1991","pesca","0.157271189534601"
"1991","explotacion_de_minas_y_canteras","2.05045347719756"
"1991","industria_manufacturera","24.2321385828109"
"1991","electricidad_gas_y_agua","1.60639291472667"
"1991","construccion","4.62642418434901"
"1991","comercio_mayorista_minorista_hoteles_restaurantes","15.7788242194866"
"1991","transporte_almacenamiento_y_comunicaciones","5.17952611831701"
"1991","intermediacion_financiera","3.88178238790983"
"1991","actividades_inmobiliarias_empresariales_y_de_alquiler","11.3202678513407"
"1991","administracion_publica_y_defensa_planes_de_seguridad_social_de_afiliacion_obligatoria","7.10632756752292"
"1991","otros_servicios","17.5439929968613"
"1992","agricultura_ganaderia_caza_y_silvicultura","5.75723834368046"
"1992","pesca","0.226110545708735"
"1992","explotacion_de_minas_y_canteras","1.79227072824906"
"1992","industria_manufacturera","21.831925957709"
"1992","electricidad_gas_y_agua","1.68597134344027"
"1992","construccion","5.33551252399532"
"1992","comercio_mayorista_minorista_hoteles_restaurantes","15.3926081910862"
"1992","transporte_almacenamiento_y_comunicaciones","5.16420064712224"
"1992","intermediacion_financiera","3.94447298008565"
"1992","actividades_inmobiliarias_empresariales_y_de_alquiler","12.8599052312746"
"1992","administracion_publica_y_defensa_planes_de_seguridad_social_de_afiliacion_obligatoria","7.90728545252085"
"1992","otros_servicios","18.1024980551277"
"1993","agricultura_ganaderia_caza_y_silvicultura","5.30581659058029"
"1993","pesca","0.186208609354487"
"1993","explotacion_de_minas_y_canteras","1.59451663191457"
"1993","industria_manufacturera","19.501155879211"
"1993","electricidad_gas_y_agua","2.07904570700589"
"1993","construccion","6.05442697564397"
"1993","comercio_mayorista_minorista_hoteles_restaurantes","17.7634276011471"
"1993","transporte_almacenamiento_y_comunicaciones","7.29348968201669"
"1993","intermediacion_financiera","4.2037350363542"
"1993","actividades_inmobiliarias_empresariales_y_de_alquiler","15.4296301055495"
"1993","administracion_publica_y_defensa_planes_de_seguridad_social_de_afiliacion_obligatoria","6.58295186785529"
"1993","otros_servicios","14.0055953133671"
"1994","agricultura_ganaderia_caza_y_silvicultura","5.24242515772031"
"1994","pesca","0.197771481123836"
"1994","explotacion_de_minas_y_canteras","1.58824446409133"
"1994","industria_manufacturera","19.072534957698"
"1994","electricidad_gas_y_agua","2.02560074474749"
"1994","construccion","5.95016676376838"
"1994","comercio_mayorista_minorista_hoteles_restaurantes","17.7938258376503"
"1994","transporte_almacenamiento_y_comunicaciones","7.58824651533514"
"1994","intermediacion_financiera","3.74403542496255"
"1994","actividades_inmobiliarias_empresariales_y_de_alquiler","16.5675880646609"
"1994","administracion_publica_y_defensa_planes_de_seguridad_social_de_afiliacion_obligatoria","6.47283633335478"
"1994","otros_servicios","13.756724254887"
"1995","agricultura_ganaderia_caza_y_silvicultura","5.46906335505741"
"1995","pesca","0.229048491525273"
"1995","explotacion_de_minas_y_canteras","1.99656065579473"
"1995","industria_manufacturera","18.3639301475168"
"1995","electricidad_gas_y_agua","2.10907802039774"
"1995","construccion","5.53533239528804"
"1995","comercio_mayorista_minorista_hoteles_restaurantes","17.00069283557"
"1995","transporte_almacenamiento_y_comunicaciones","7.86514079408235"
"1995","intermediacion_financiera","4.07261932443191"
"1995","actividades_inmobiliarias_empresariales_y_de_alquiler","17.1127279031436"
"1995","administracion_publica_y_defensa_planes_de_seguridad_social_de_afiliacion_obligatoria","6.44026947873182"
"1995","otros_servicios","13.8055365984604"
"1996","agricultura_ganaderia_caza_y_silvicultura","5.75944626091563"
"1996","pesca","0.237989201217215"
"1996","explotacion_de_minas_y_canteras","2.31293010288234"
"1996","industria_manufacturera","18.7438742999287"
"1996","electricidad_gas_y_agua","2.05509301329629"
"1996","construccion","5.31279912958026"
"1996","comercio_mayorista_minorista_hoteles_restaurantes","17.4939288290119"
"1996","transporte_almacenamiento_y_comunicaciones","8.05211941623393"
"1996","intermediacion_financiera","3.86154602527172"
"1996","actividades_inmobiliarias_empresariales_y_de_alquiler","16.7092240660419"
"1996","administracion_publica_y_defensa_planes_de_seguridad_social_de_afiliacion_obligatoria","6.08673336571819"
"1996","otros_servicios","13.3743162899019"
"1997","agricultura_ganaderia_caza_y_silvicultura","5.35528061689487"
"1997","pesca","0.244665094966657"
"1997","explotacion_de_minas_y_canteras","2.06250267143836"
"1997","industria_manufacturera","19.5472668806446"
"1997","electricidad_gas_y_agua","2.01459413700026"
"1997","construccion","5.52205186840001"
"1997","comercio_mayorista_minorista_hoteles_restaurantes","17.9867727136967"
"1997","transporte_almacenamiento_y_comunicaciones","8.40445081904607"
"1997","intermediacion_financiera","3.70435076462936"
"1997","actividades_inmobiliarias_empresariales_y_de_alquiler","16.3193066933241"
"1997","administracion_publica_y_defensa_planes_de_seguridad_social_de_afiliacion_obligatoria","5.80747038786779"
"1997","otros_servicios","13.0312873520912"
"1998","agricultura_ganaderia_caza_y_silvicultura","5.38854046790378"
"1998","pesca","0.229071635000835"
"1998","explotacion_de_minas_y_canteras","1.54240183463932"
"1998","industria_manufacturera","19.077103341158"
"1998","electricidad_gas_y_agua","2.08245926632663"
"1998","construccion","5.86577637079663"
"1998","comercio_mayorista_minorista_hoteles_restaurantes","17.9710943582519"
"1998","transporte_almacenamiento_y_comunicaciones","8.72547985418123"
"1998","intermediacion_financiera","3.97925701614099"
"1998","actividades_inmobiliarias_empresariales_y_de_alquiler","16.171681647046"
"1998","administracion_publica_y_defensa_planes_de_seguridad_social_de_afiliacion_obligatoria","5.97660157162776"
"1998","otros_servicios","12.9905326369269"
"1999","agricultura_ganaderia_caza_y_silvicultura","4.52608070328233"
"1999","pesca","0.209275777455667"
"1999","explotacion_de_minas_y_canteras","1.75128049622962"
"1999","industria_manufacturera","18.0174968293742"
"1999","electricidad_gas_y_agua","2.29781004049599"
"1999","construccion","5.75777708051191"
"1999","comercio_mayorista_minorista_hoteles_restaurantes","17.0949426247439"
"1999","transporte_almacenamiento_y_comunicaciones","8.79895713973752"
"1999","intermediacion_financiera","4.31535912549975"
"1999","actividades_inmobiliarias_empresariales_y_de_alquiler","16.6766625644417"
"1999","administracion_publica_y_defensa_planes_de_seguridad_social_de_afiliacion_obligatoria","6.55771710372252"
"1999","otros_servicios","13.996640514505"
"2000","agricultura_ganaderia_caza_y_silvicultura","4.75625711639504"
"2000","pesca","0.214964394682726"
"2000","explotacion_de_minas_y_canteras","2.65279896596915"
"2000","industria_manufacturera","17.5209914863184"
"2000","electricidad_gas_y_agua","2.46081283634144"
"2000","construccion","4.97408518682454"
"2000","comercio_mayorista_minorista_hoteles_restaurantes","16.4103561376724"
"2000","transporte_almacenamiento_y_comunicaciones","9.02137195565254"
"2000","intermediacion_financiera","4.30478852449527"
"2000","actividades_inmobiliarias_empresariales_y_de_alquiler","16.6328570557865"
"2000","administracion_publica_y_defensa_planes_de_seguridad_social_de_afiliacion_obligatoria","6.6539660928672"
"2000","otros_servicios","14.3967502469948"
"2001","agricultura_ganaderia_caza_y_silvicultura","4.535694756606"
"2001","pesca","0.278755297030199"
"2001","explotacion_de_minas_y_canteras","2.6109923357637"
"2001","industria_manufacturera","16.9592891301064"
"2001","electricidad_gas_y_agua","2.48335742712762"
"2001","construccion","4.5482803801591"
"2001","comercio_mayorista_minorista_hoteles_restaurantes","15.7423491959938"
"2001","transporte_almacenamiento_y_comunicaciones","8.97050074066773"
"2001","intermediacion_financiera","5.39720026880826"
"2001","actividades_inmobiliarias_empresariales_y_de_alquiler","16.7457319527076"
"2001","administracion_publica_y_defensa_planes_de_seguridad_social_de_afiliacion_obligatoria","6.71329858672006"
"2001","otros_servicios","15.0145499283095"
"2002","agricultura_ganaderia_caza_y_silvicultura","10.2068047656207"
"2002","pesca","0.47621606060277"
"2002","explotacion_de_minas_y_canteras","6.2530706983674"
"2002","industria_manufacturera","21.2974641682517"
"2002","electricidad_gas_y_agua","1.79226063646087"
"2002","construccion","2.64116074502523"
"2002","comercio_mayorista_minorista_hoteles_restaurantes","13.5183277417551"
"2002","transporte_almacenamiento_y_comunicaciones","7.74044019877409"
"2002","intermediacion_financiera","5.51058634466021"
"2002","actividades_inmobiliarias_empresariales_y_de_alquiler","13.3555095804901"
"2002","administracion_publica_y_defensa_planes_de_seguridad_social_de_afiliacion_obligatoria","5.64789167676171"
"2002","otros_servicios","11.56026738323"
"2003","agricultura_ganaderia_caza_y_silvicultura","10.546023162825"
"2003","pesca","0.440808708989495"
"2003","explotacion_de_minas_y_canteras","5.80919448393912"
"2003","industria_manufacturera","23.9208128052685"
"2003","electricidad_gas_y_agua","1.73385768299281"
"2003","construccion","3.26313135224651"
"2003","comercio_mayorista_minorista_hoteles_restaurantes","13.9838719049296"
"2003","transporte_almacenamiento_y_comunicaciones","8.48260715141685"
"2003","intermediacion_financiera","3.87218612779069"
"2003","actividades_inmobiliarias_empresariales_y_de_alquiler","11.9405157684985"
"2003","administracion_publica_y_defensa_planes_de_seguridad_social_de_afiliacion_obligatoria","5.33322876810625"
"2003","otros_servicios","10.6737620829967"
"2004","agricultura_ganaderia_caza_y_silvicultura","9.48656466074961"
"2004","pesca","0.349757410534033"
"2004","explotacion_de_minas_y_canteras","5.89723241407285"
"2004","industria_manufacturera","22.2745426862259"
"2004","electricidad_gas_y_agua","2.11004514340692"
"2004","construccion","3.61390228763704"
"2004","comercio_mayorista_minorista_hoteles_restaurantes","16.238159745765"
"2004","transporte_almacenamiento_y_comunicaciones","7.2230641939993"
"2004","intermediacion_financiera","3.65625721501994"
"2004","actividades_inmobiliarias_empresariales_y_de_alquiler","12.8712006261828"
"2004","administracion_publica_y_defensa_planes_de_seguridad_social_de_afiliacion_obligatoria","5.23366085133262"
"2004","otros_servicios","11.045612765074"
"2004","agricultura_ganaderia_caza_y_silvicultura","9.48656466074961"
"2004","pesca","0.349757410534032"
"2004","explotacion_de_minas_y_canteras","5.89723241407285"
"2004","industria_manufacturera","22.2745426862259"
"2004","electricidad_gas_y_agua","2.11004514340692"
"2004","construccion","3.61390228763702"
"2004","comercio_mayorista_minorista_hoteles_restaurantes","16.238159745765"
"2004","transporte_almacenamiento_y_comunicaciones","7.22306419399931"
"2004","intermediacion_financiera","3.65625721501993"
"2004","actividades_inmobiliarias_empresariales_y_de_alquiler","12.8712006261828"
"2004","administracion_publica_y_defensa_planes_de_seguridad_social_de_afiliacion_obligatoria","5.23366085133263"
"2004","otros_servicios","11.045612765074"
"2005","agricultura_ganaderia_caza_y_silvicultura","8.99772916018463"
"2005","pesca","0.336357770257944"
"2005","explotacion_de_minas_y_canteras","5.82038099417805"
"2005","industria_manufacturera","21.5639671829937"
"2005","electricidad_gas_y_agua","2.1402204094713"
"2005","construccion","4.13316845976777"
"2005","comercio_mayorista_minorista_hoteles_restaurantes","16.4327332422533"
"2005","transporte_almacenamiento_y_comunicaciones","7.33067434968584"
"2005","intermediacion_financiera","3.78319729591133"
"2005","actividades_inmobiliarias_empresariales_y_de_alquiler","12.4217224394235"
"2005","administracion_publica_y_defensa_planes_de_seguridad_social_de_afiliacion_obligatoria","5.54866929801563"
"2005","otros_servicios","11.491179397857"
"2006","agricultura_ganaderia_caza_y_silvicultura","7.74917597832128"
"2006","pesca","0.421087773175468"
"2006","explotacion_de_minas_y_canteras","6.74511672715471"
"2006","industria_manufacturera","21.0604525372215"
"2006","electricidad_gas_y_agua","1.91958386204349"
"2006","construccion","4.67698229220585"
"2006","comercio_mayorista_minorista_hoteles_restaurantes","16.6191743918702"
"2006","transporte_almacenamiento_y_comunicaciones","7.33259841147337"
"2006","intermediacion_financiera","3.75415054176646"
"2006","actividades_inmobiliarias_empresariales_y_de_alquiler","12.0655106466495"
"2006","administracion_publica_y_defensa_planes_de_seguridad_social_de_afiliacion_obligatoria","5.76966682218519"
"2006","otros_servicios","11.8865000159331"
"2007","agricultura_ganaderia_caza_y_silvicultura","8.52454850501963"
"2007","pesca","0.307774590670584"
"2007","explotacion_de_minas_y_canteras","5.18490698937067"
"2007","industria_manufacturera","20.2041237325898"
"2007","electricidad_gas_y_agua","1.89944399048968"
"2007","construccion","5.20330238751994"
"2007","comercio_mayorista_minorista_hoteles_restaurantes","17.2567459210632"
"2007","transporte_almacenamiento_y_comunicaciones","7.34415531128999"
"2007","intermediacion_financiera","3.78517549712799"
"2007","actividades_inmobiliarias_empresariales_y_de_alquiler","11.8707342111486"
"2007","administracion_publica_y_defensa_planes_de_seguridad_social_de_afiliacion_obligatoria","6.09971517374803"
"2007","otros_servicios","12.3193736899618"
"2008","agricultura_ganaderia_caza_y_silvicultura","8.41893279203229"
"2008","pesca","0.310048476287362"
"2008","explotacion_de_minas_y_canteras","4.44723813012764"
"2008","industria_manufacturera","19.7245502686774"
"2008","electricidad_gas_y_agua","1.70274649241588"
"2008","construccion","5.45942239358114"
"2008","comercio_mayorista_minorista_hoteles_restaurantes","17.5075852410049"
"2008","transporte_almacenamiento_y_comunicaciones","7.25106417775678"
"2008","intermediacion_financiera","3.86092217208612"
"2008","actividades_inmobiliarias_empresariales_y_de_alquiler","11.5887724047602"
"2008","administracion_publica_y_defensa_planes_de_seguridad_social_de_afiliacion_obligatoria","6.56616551871068"
"2008","otros_servicios","13.1625519325596"
"2009","agricultura_ganaderia_caza_y_silvicultura","6.01301013795701"
"2009","pesca","0.275306902287043"
"2009","explotacion_de_minas_y_canteras","4.83776299820935"
"2009","industria_manufacturera","18.582239099752"
"2009","electricidad_gas_y_agua","1.66323089597835"
"2009","construccion","5.06588495144994"
"2009","comercio_mayorista_minorista_hoteles_restaurantes","16.7519867940039"
"2009","transporte_almacenamiento_y_comunicaciones","7.40982198470268"
"2009","intermediacion_financiera","4.09123063165922"
"2009","actividades_inmobiliarias_empresariales_y_de_alquiler","12.3215065883333"
"2009","administracion_publica_y_defensa_planes_de_seguridad_social_de_afiliacion_obligatoria","7.75711224507372"
"2009","otros_servicios","15.2309067705931"
"2010","agricultura_ganaderia_caza_y_silvicultura","8.24518231357934"
"2010","pesca","0.257019380568954"
"2010","explotacion_de_minas_y_canteras","4.61658719760571"
"2010","industria_manufacturera","18.888536111366"
"2010","electricidad_gas_y_agua","1.40670934406811"
"2010","construccion","5.19895930947571"
"2010","comercio_mayorista_minorista_hoteles_restaurantes","17.0886136654038"
"2010","transporte_almacenamiento_y_comunicaciones","7.12238113690059"
"2010","intermediacion_financiera","3.7927505210774"
"2010","actividades_inmobiliarias_empresariales_y_de_alquiler","11.4845335341746"
"2010","administracion_publica_y_defensa_planes_de_seguridad_social_de_afiliacion_obligatoria","7.51821904547438"
"2010","otros_servicios","14.3805084403056"
"2011","agricultura_ganaderia_caza_y_silvicultura","8.13162504219632"
"2011","pesca","0.197887241940631"
"2011","explotacion_de_minas_y_canteras","4.02493573661148"
"2011","industria_manufacturera","18.8646391344263"
"2011","electricidad_gas_y_agua","1.3445982071614"
"2011","construccion","5.77260833210519"
"2011","comercio_mayorista_minorista_hoteles_restaurantes","17.2228649420169"
"2011","transporte_almacenamiento_y_comunicaciones","6.83438186126286"
"2011","intermediacion_financiera","3.76873261001379"
"2011","actividades_inmobiliarias_empresariales_y_de_alquiler","11.1346254343234"
"2011","administracion_publica_y_defensa_planes_de_seguridad_social_de_afiliacion_obligatoria","7.72446859594494"
"2011","otros_servicios","14.9786328619968"
"2012","agricultura_ganaderia_caza_y_silvicultura","6.70734275467879"
"2012","pesca","0.18644371916431"
"2012","explotacion_de_minas_y_canteras","3.88162247967827"
"2012","industria_manufacturera","18.1435519371343"
"2012","electricidad_gas_y_agua","1.31399763120822"
"2012","construccion","5.7884920511906"
"2012","comercio_mayorista_minorista_hoteles_restaurantes","17.1530446866096"
"2012","transporte_almacenamiento_y_comunicaciones","6.83597970269559"
"2012","intermediacion_financiera","4.21548046549099"
"2012","actividades_inmobiliarias_empresariales_y_de_alquiler","11.2424019384083"
"2012","administracion_publica_y_defensa_planes_de_seguridad_social_de_afiliacion_obligatoria","8.34715042814016"
"2012","otros_servicios","16.1844922056008"
"2013","agricultura_ganaderia_caza_y_silvicultura","6.93207724898646"
"2013","pesca","0.275674912403268"
"2013","explotacion_de_minas_y_canteras","3.48905313067371"
"2013","industria_manufacturera","17.8750068873969"
"2013","electricidad_gas_y_agua","1.41184303746755"
"2013","construccion","5.81005025672861"
"2013","comercio_mayorista_minorista_hoteles_restaurantes","17.0745188047938"
"2013","transporte_almacenamiento_y_comunicaciones","6.65158757539748"
"2013","intermediacion_financiera","4.27316169371405"
"2013","actividades_inmobiliarias_empresariales_y_de_alquiler","11.3842520404762"
"2013","administracion_publica_y_defensa_planes_de_seguridad_social_de_afiliacion_obligatoria","8.55886549981686"
"2013","otros_servicios","16.2639089121449"
"2014","agricultura_ganaderia_caza_y_silvicultura","7.71396817614991"
"2014","pesca","0.283949384917306"
"2014","explotacion_de_minas_y_canteras","4.4284051206558"
"2014","industria_manufacturera","17.6011743634982"
"2014","electricidad_gas_y_agua","1.37232230965282"
"2014","construccion","5.52364204467149"
"2014","comercio_mayorista_minorista_hoteles_restaurantes","16.8054487990208"
"2014","transporte_almacenamiento_y_comunicaciones","6.57893019311665"
"2014","intermediacion_financiera","4.15628755269117"
"2014","actividades_inmobiliarias_empresariales_y_de_alquiler","10.8275662006864"
"2014","administracion_publica_y_defensa_planes_de_seguridad_social_de_afiliacion_obligatoria","8.75679852232499"
"2014","otros_servicios","15.9515073326144"
"2015","agricultura_ganaderia_caza_y_silvicultura","5.85254026092328"
"2015","pesca","0.277275806172118"
"2015","explotacion_de_minas_y_canteras","3.79326327613355"
"2015","industria_manufacturera","16.8578253578957"
"2015","electricidad_gas_y_agua","1.43449694115776"
"2015","construccion","5.43673751701756"
"2015","comercio_mayorista_minorista_hoteles_restaurantes","18.6278667116202"
"2015","transporte_almacenamiento_y_comunicaciones","6.38012235016165"
"2015","intermediacion_financiera","3.946735159723"
"2015","actividades_inmobiliarias_empresariales_y_de_alquiler","11.1720161821187"
"2015","administracion_publica_y_defensa_planes_de_seguridad_social_de_afiliacion_obligatoria","9.3186296361052"
"2015","otros_servicios","16.9024908009712"
"2016","agricultura_ganaderia_caza_y_silvicultura","7.10238780649852"
"2016","pesca","0.316487597752288"
"2016","explotacion_de_minas_y_canteras","3.81016050942768"
"2016","industria_manufacturera","15.9733311128959"
"2016","electricidad_gas_y_agua","1.79473808301778"
"2016","construccion","4.53956971399955"
"2016","comercio_mayorista_minorista_hoteles_restaurantes","18.3286835903813"
"2016","transporte_almacenamiento_y_comunicaciones","6.33676014256956"
"2016","intermediacion_financiera","4.62553337344491"
"2016","actividades_inmobiliarias_empresariales_y_de_alquiler","11.0224395037967"
"2016","administracion_publica_y_defensa_planes_de_seguridad_social_de_afiliacion_obligatoria","9.32187934351767"
"2016","otros_servicios","16.828029222698"
"2017","agricultura_ganaderia_caza_y_silvicultura","5.89554769835519"
"2017","pesca","0.305725399420647"
"2017","explotacion_de_minas_y_canteras","3.49401811049257"
"2017","industria_manufacturera","15.2140919984465"
"2017","electricidad_gas_y_agua","2.04909791590603"
"2017","construccion","5.06210480071614"
"2017","comercio_mayorista_minorista_hoteles_restaurantes","18.8830094298902"
"2017","transporte_almacenamiento_y_comunicaciones","6.66676113900764"
"2017","intermediacion_financiera","4.65400871424045"
"2017","actividades_inmobiliarias_empresariales_y_de_alquiler","11.6794048351119"
"2017","administracion_publica_y_defensa_planes_de_seguridad_social_de_afiliacion_obligatoria","9.12690856524281"
"2017","otros_servicios","16.9693213931698"
"2018","agricultura_ganaderia_caza_y_silvicultura","4.92208769648468"
"2018","pesca","0.440109970511831"
"2018","explotacion_de_minas_y_canteras","4.53312651792942"
"2018","industria_manufacturera","16.6142089442515"
"2018","electricidad_gas_y_agua","2.15903373186086"
"2018","construccion","4.72195539373385"
"2018","comercio_mayorista_minorista_hoteles_restaurantes","19.8507320617553"
"2018","transporte_almacenamiento_y_comunicaciones","6.23325192943717"
"2018","intermediacion_financiera","4.14281359333082"
"2018","actividades_inmobiliarias_empresariales_y_de_alquiler","12.0789158827386"
"2018","administracion_publica_y_defensa_planes_de_seguridad_social_de_afiliacion_obligatoria","8.32898812442897"
"2018","otros_servicios","15.9747761535369"
"2019","agricultura_ganaderia_caza_y_silvicultura","5.91664118360817"
"2019","pesca","0.421369898330194"
"2019","explotacion_de_minas_y_canteras","4.74259119716287"
"2019","industria_manufacturera","16.1363325196787"
"2019","electricidad_gas_y_agua","2.14690640092791"
"2019","construccion","4.57088893500734"
"2019","comercio_mayorista_minorista_hoteles_restaurantes","19.678372784469"
"2019","transporte_almacenamiento_y_comunicaciones","6.94483390647243"
"2019","intermediacion_financiera","3.68194713782561"
"2019","actividades_inmobiliarias_empresariales_y_de_alquiler","11.9700006518946"
"2019","administracion_publica_y_defensa_planes_de_seguridad_social_de_afiliacion_obligatoria","8.14485757785176"
"2019","otros_servicios","15.6452578067712"
"2020","agricultura_ganaderia_caza_y_silvicultura","7.20191280255942"
"2020","pesca","0.40003232087269"
"2020","explotacion_de_minas_y_canteras","3.70357723790155"
"2020","industria_manufacturera","17.4478239858319"
"2020","electricidad_gas_y_agua","1.77254110698857"
"2020","construccion","3.8733120391882"
"2020","comercio_mayorista_minorista_hoteles_restaurantes","20.7691922224738"
"2020","transporte_almacenamiento_y_comunicaciones","6.1030438340266"
"2020","intermediacion_financiera","4.52325461482697"
"2020","actividades_inmobiliarias_empresariales_y_de_alquiler","11.6372170920189"
"2020","administracion_publica_y_defensa_planes_de_seguridad_social_de_afiliacion_obligatoria","7.74625453632215"
"2020","otros_servicios","14.8218382069893"
"2021","agricultura_ganaderia_caza_y_silvicultura","8.32198094780082"
"2021","pesca","0.397064524743737"
"2021","explotacion_de_minas_y_canteras","4.07300135181033"
"2021","industria_manufacturera","18.6050321358253"
"2021","electricidad_gas_y_agua","1.14851610366633"
"2021","construccion","4.27452851409303"
"2021","comercio_mayorista_minorista_hoteles_restaurantes","21.292213828064"
"2021","transporte_almacenamiento_y_comunicaciones","5.69098831935924"
"2021","intermediacion_financiera","3.49889787340727"
"2021","actividades_inmobiliarias_empresariales_y_de_alquiler","11.2052351836869"
"2021","administracion_publica_y_defensa_planes_de_seguridad_social_de_afiliacion_obligatoria","7.48138376206367"
"2021","otros_servicios","14.0111574554794"
"2022","agricultura_ganaderia_caza_y_silvicultura","7.56974497458535"
"2022","pesca","0.318200516339374"
"2022","explotacion_de_minas_y_canteras","3.79912726188459"
"2022","industria_manufacturera","19.3706373508067"
"2022","electricidad_gas_y_agua","0.978975393969976"
"2022","construccion","4.37819520112"
"2022","comercio_mayorista_minorista_hoteles_restaurantes","21.9680545052847"
"2022","transporte_almacenamiento_y_comunicaciones","5.54002525545808"
"2022","intermediacion_financiera","2.90190035971734"
"2022","actividades_inmobiliarias_empresariales_y_de_alquiler","11.1680861140897"
"2022","administracion_publica_y_defensa_planes_de_seguridad_social_de_afiliacion_obligatoria","7.83656503188161"
"2022","otros_servicios","14.1704880348627"
"2023","agricultura_ganaderia_caza_y_silvicultura","6.77853309136115"
"2023","pesca","0.269495398535723"
"2023","explotacion_de_minas_y_canteras","4.69412260765166"
"2023","industria_manufacturera","19.3944405081945"
"2023","electricidad_gas_y_agua","1.05297523448098"
"2023","construccion","4.63964994447499"
"2023","comercio_mayorista_minorista_hoteles_restaurantes","22.474671740307"
"2023","transporte_almacenamiento_y_comunicaciones","5.19028733770989"
"2023","intermediacion_financiera","1.91187985455677"
"2023","actividades_inmobiliarias_empresariales_y_de_alquiler","10.8557023924402"
"2023","administracion_publica_y_defensa_planes_de_seguridad_social_de_afiliacion_obligatoria","8.28997084778931"
"2023","otros_servicios","14.4482710424979"
